CustomerID,Recency,Frequency,Monetary
13184,14,10,1667.95
14621,1,5,1788.36
18116,67,8,1399.51
17581,0,25,11025.24
14715,24,4,867.38
15753,304,1,79.20
16951,134,3,1277.75
13050,14,17,5833.11
13798,1,57,37153.85
12753,22,6,21429.39
12971,3,86,11189.91
15159,1,30,18641.01
12735,315,2,779.57
12377,315,2,1628.12
14911,1,198,136161.83
14680,25,16,28754.11
13397,72,5,1544.13
13951,176,3,674.45
14189,2,15,4654.08
16943,211,3,816.73
14299,8,9,3965.62
17961,21,39,1296.44
13508,243,1,110.97
13883,10,5,2674.48
13694,3,50,65039.62
17675,1,31,20374.28
17725,16,11,3439.08
15581,156,10,717.43
16253,66,2,3683.86
14367,8,16,9227.82
14936,33,8,8137.02
15480,116,1,905.50
16210,1,17,21076.30
13014,10,10,3466.28
15743,16,4,775.96
15498,2,27,13316.40
13186,39,3,1575.89
17377,23,20,4058.32
14961,10,9,7044.68
16705,0,20,14034.99
16407,12,10,2079.68
17674,74,2,551.04
13866,74,1,145.67
17521,29,3,723.21
12540,19,17,13400.24
16527,81,1,228.06
17317,46,3,2600.34
13763,63,1,1714.96
12778,19,6,822.23
17997,74,8,1962.46
15803,51,1,415.82
14836,10,3,102.45
16688,1,4,1260.86
15904,8,1,164.68
12367,4,1,168.90
15856,4,27,16142.38
16790,3,6,1545.62
14121,3,4,2780.15
16858,368,1,375.69
14748,29,5,1415.75
13329,31,2,789.00
12793,334,2,545.48
17555,19,2,480.31
12481,22,10,5579.82
13705,7,3,711.86
14045,109,4,1659.75
14665,60,5,1835.70
12352,36,7,1665.74
14085,2,18,4421.29
13575,23,5,732.07
15065,37,4,3158.13
16722,17,13,4730.81
17715,200,1,326.40
14903,21,5,2795.33
15700,172,2,696.68
13941,21,5,5112.96
14868,3,8,2953.59
17266,2,3,296.58
15004,147,1,1220.38
13695,31,15,2504.13
14034,22,3,648.89
17783,72,2,283.47
13347,70,1,291.36
15981,24,8,3408.48
16561,5,2,511.12
16601,40,1,241.53
14179,40,2,701.57
16669,23,2,1344.48
16085,23,5,981.51
17502,9,4,689.10
16042,22,5,1177.47
14733,16,12,9585.91
12829,336,2,293.00
17402,4,13,2633.85
15923,372,1,127.08
14410,92,9,1099.27
13118,19,5,1197.81
14886,252,1,364.80
16586,248,1,463.95
13873,119,3,389.60
13762,218,1,306.72
14340,218,1,134.70
17096,15,4,1022.13
14461,148,3,2102.67
13269,1,15,5343.28
13669,50,2,218.55
16654,141,4,601.27
14002,134,2,529.73
17045,113,3,339.44
16076,3,10,2234.73
12931,21,15,42055.96
18064,133,2,814.00
17105,159,2,665.78
16092,114,3,817.86
12488,9,3,1298.66
14487,26,6,1165.48
13848,92,3,1255.00
15888,80,1,162.64
17928,45,2,184.46
15158,45,1,401.40
16110,45,3,1320.95
17139,15,12,10650.77
12674,38,4,1970.60
14700,32,3,2195.10
18150,32,3,566.58
12472,32,7,6572.11
15836,50,1,137.37
17232,2,2,417.77
14111,14,4,692.85
14893,9,2,1237.85
17299,11,4,656.61
14904,2,2,1025.44
17538,25,1,98.42
18014,28,1,154.27
13091,28,1,345.82
17071,28,9,2429.03
16339,284,1,94.05
16518,61,2,484.32
17334,302,2,307.02
15768,115,3,621.83
17893,225,1,107.21
16756,214,1,239.40
13492,136,3,1269.84
16763,198,1,611.85
12982,242,1,390.54
17367,238,1,167.55
12685,28,6,2863.08
12743,134,2,540.13
16278,100,1,566.38
13320,78,4,1532.20
13116,138,1,501.14
17649,138,1,868.49
16178,138,1,197.90
15675,81,3,323.69
13169,63,2,712.88
17470,44,5,1125.07
14102,5,5,1105.88
17011,30,1,270.90
15957,31,1,428.89
17793,25,1,300.34
17044,25,1,948.48
15532,25,4,1554.83
13159,8,4,1429.35
14289,8,6,911.26
15022,11,4,852.39
16347,11,2,847.45
18082,25,1,680.84
15863,25,2,68.84
16883,187,2,272.48
17946,233,2,149.58
18218,211,2,641.92
16159,281,1,348.20
12997,22,4,1226.89
12878,236,2,854.99
16279,21,3,1502.78
17179,178,3,711.79
14512,187,2,275.28
13373,60,3,3312.25
15199,59,4,1268.70
12649,107,3,623.51
13507,3,4,2479.16
14460,110,3,434.34
14793,21,1,228.99
15165,373,1,487.75
13065,373,1,205.86
18065,5,14,2392.83
17164,32,7,2467.35
16357,33,3,658.88
16924,21,3,829.89
13372,89,1,328.64
17309,95,1,82.75
14342,21,4,668.56
15327,52,1,208.75
16595,61,1,360.16
12642,25,3,1013.26
15269,23,1,408.80
12538,29,1,363.95
17878,43,1,379.45
16212,19,2,690.34
14954,12,1,294.85
15054,12,2,302.10
15122,114,3,1633.78
16091,154,2,315.06
16144,246,1,175.20
14206,239,1,328.16
14393,218,1,67.95
14768,17,2,192.60
16450,149,1,311.92
13441,91,1,296.64
13823,18,2,957.66
17205,53,1,384.08
17545,43,3,642.32
14357,43,1,225.12
17251,362,1,269.83
17677,1,30,16345.38
16306,213,6,632.27
17870,2,12,1865.89
13078,3,26,12627.94
16499,360,2,365.45
14083,4,9,1002.90
17340,29,11,12353.29
17306,10,19,8631.31
12652,331,1,919.98
17850,372,34,5391.21
15100,333,3,876.00
16098,87,7,2005.63
12791,373,1,192.60
17442,36,6,2248.56
16494,296,1,826.53
16875,67,5,2095.53
17816,36,4,36.56
15687,8,9,2993.10
16422,17,51,34684.40
13328,316,1,1308.48
15984,2,10,2780.63
15026,80,3,464.20
14291,1,11,3883.25
14603,274,1,660.00
14667,10,25,9170.79
16657,9,4,874.43
16103,7,6,1429.64
15078,7,32,9743.11
16442,1,3,609.30
15046,9,15,5071.47
18160,57,2,638.06
16086,59,5,1121.39
15301,50,12,5049.95
16818,10,11,3349.57
14620,205,2,412.78
12682,3,31,12279.82
13650,16,6,1836.34
14489,207,1,463.38
17123,161,1,345.30
17068,12,21,4545.89
14722,147,1,180.42
14078,101,6,1049.37
15281,58,9,2332.15
18241,9,17,2073.09
15640,4,15,12416.11
12865,26,2,1568.23
12885,63,3,1175.22
13583,155,1,781.03
13311,4,2,598.57
17905,71,4,798.99
17935,138,2,145.79
16133,3,33,14589.04
13514,73,1,152.20
14395,2,9,3479.91
14194,4,21,11349.52
15529,22,11,3960.05
18033,65,1,93.82
14080,32,1,45.60
16053,32,2,1511.95
13890,1,10,1883.81
15449,26,3,974.52
17412,2,7,1258.06
16469,23,4,625.42
17680,23,1,184.40
14449,18,4,885.80
13167,18,4,779.33
15093,18,6,4597.02
16395,60,5,1482.06
13093,275,8,7832.47
13672,301,2,186.39
14828,196,3,2139.76
12489,336,1,334.93
16224,57,4,1295.30
15147,240,1,623.50
16643,245,1,487.51
14246,110,3,1474.06
12999,196,3,455.88
16610,219,1,75.66
12818,261,1,1542.08
17514,128,1,208.65
14459,155,1,1837.92
15241,66,8,1756.44
15895,149,1,179.17
15623,141,1,301.03
15053,4,3,693.95
15469,50,2,538.55
17519,17,6,1844.02
15776,133,1,241.62
16184,64,6,1158.79
17939,159,1,99.14
16682,4,5,1028.00
14875,107,2,1465.32
17682,10,6,2474.33
14076,129,1,118.67
18194,82,1,973.84
13870,2,8,2770.94
13697,38,1,151.30
15214,1,8,1661.44
16830,38,1,325.91
17043,32,4,1735.18
14073,32,1,151.04
13026,1,5,975.36
15610,51,1,112.46
16979,3,6,1852.00
12838,33,2,671.95
16915,9,6,621.68
15113,9,3,3509.04
12494,15,7,1246.10
14539,15,2,537.48
16479,10,2,300.83
13246,18,6,1961.52
13301,103,4,600.19
17838,26,5,2720.80
15415,313,1,559.61
15831,58,3,794.64
16667,68,2,567.18
14046,284,1,151.59
13736,5,2,729.80
16227,225,1,314.22
16660,16,4,1267.65
14335,16,2,454.86
15504,81,1,52.83
17509,57,8,6083.64
17731,79,4,1240.11
16281,72,1,2062.06
15321,70,3,2748.31
15103,31,2,703.36
12444,21,5,5005.46
13519,78,1,122.75
12516,77,2,1312.06
17038,30,1,112.40
17221,7,2,334.48
16771,33,5,2230.61
15677,49,1,657.23
16932,53,1,150.23
12380,21,4,2724.81
17254,4,2,271.19
14865,7,2,52.20
15266,338,1,119.30
14932,365,1,313.53
14355,365,1,174.40
16885,15,3,450.41
15454,362,1,179.10
18113,368,1,76.32
15028,8,4,627.13
17083,109,3,1405.78
13261,268,2,944.10
14657,17,4,848.22
17630,169,2,503.60
13885,189,2,506.80
13479,200,2,300.95
16796,89,1,305.62
16261,17,4,728.54
13536,1,7,3444.39
12657,11,4,1643.18
17301,21,1,163.24
15368,21,1,446.94
17650,21,1,166.08
12702,19,1,219.00
15355,29,2,277.05
14093,12,1,433.86
14382,26,1,615.49
15712,9,5,1072.36
16048,373,2,256.44
17890,322,2,586.89
16697,241,1,112.75
14692,137,4,591.55
15083,256,1,88.20
13224,60,2,2152.95
18281,180,1,80.82
17469,16,5,1870.97
13489,105,4,449.52
14905,157,2,616.15
16647,169,2,214.06
17667,66,5,2055.51
15885,92,2,364.35
17004,46,2,1312.14
14331,124,2,462.66
14420,99,1,387.52
14212,89,1,1070.48
13192,95,2,911.94
15372,137,1,2007.40
17073,17,4,1444.84
17986,56,1,20.80
13647,9,4,1648.12
17489,58,2,376.64
12890,24,1,376.72
12630,9,2,1270.88
17684,43,1,239.41
16474,7,7,1810.49
17885,12,1,156.34
18093,93,4,2106.52
17204,175,4,1564.56
17140,247,1,454.12
14964,247,1,206.21
17548,233,1,103.30
18246,23,2,596.10
15912,178,2,264.62
15261,135,1,254.82
13791,127,2,1516.00
15232,113,2,612.06
13038,80,3,908.46
15865,40,3,895.13
12895,42,2,372.80
15066,53,1,893.59
15286,49,1,240.55
14234,22,4,754.12
13808,5,5,1747.66
17771,56,2,245.33
15422,323,2,97.70
15717,234,1,150.30
18224,263,1,158.95
13396,29,2,1360.99
17787,152,4,1817.54
17569,332,1,344.14
14047,8,5,1308.61
16839,8,34,16594.35
13842,58,9,3385.62
16889,194,3,1578.67
18198,4,17,5425.56
13782,12,6,908.86
16255,16,8,2619.91
15797,113,3,2192.40
17859,304,1,141.92
14403,130,4,1475.81
14849,21,25,7930.54
16817,2,9,1604.75
13013,1,13,4810.94
16906,81,4,559.59
16678,2,12,3109.99
15114,30,10,2760.56
16094,11,4,1078.23
13047,56,9,3232.59
16767,30,11,5575.56
16109,218,2,611.88
12604,79,2,254.18
13208,59,5,1193.17
16842,100,3,1264.19
17837,42,8,1535.33
13302,155,1,63.75
15416,64,4,3984.32
16409,36,5,2022.98
14866,10,12,14389.90
16188,44,4,981.86
13995,15,5,1393.69
17416,29,7,6893.42
17926,133,2,397.29
12839,2,14,5591.42
17411,12,3,778.94
15950,31,4,1744.71
15396,112,1,288.18
14401,4,13,4051.48
14772,112,1,139.26
17243,1,26,8531.65
12584,3,9,2338.15
14436,98,1,89.06
18045,45,1,178.34
13510,1,4,1791.56
17973,51,1,337.04
12619,16,8,3251.56
17651,11,10,3945.00
15121,50,2,457.72
15117,14,5,1551.78
14713,9,11,2662.20
13149,14,4,1676.06
18109,1,26,8004.92
14862,25,2,841.20
14530,25,6,2862.11
15168,25,1,106.56
15253,16,5,918.20
13238,17,4,700.73
17463,16,5,1875.86
14233,49,4,1462.72
16005,12,4,578.71
15443,1,7,3213.59
15235,217,12,2247.51
17698,260,1,154.95
15223,225,2,755.75
12490,5,10,5417.93
12980,157,9,7374.90
13990,213,1,311.30
14985,198,2,292.01
15203,25,6,1827.80
12639,238,1,486.10
18094,81,7,3017.30
16302,126,1,233.22
12599,29,7,1032.58
14050,31,2,746.36
17114,5,8,801.12
12431,35,15,6419.95
17396,39,7,7312.80
17490,0,7,2092.32
14356,79,2,701.23
13416,43,2,712.50
17433,88,1,303.16
14020,16,2,642.80
17218,4,10,1951.97
12822,70,2,948.88
16681,72,6,1770.34
16208,44,2,664.26
14505,17,8,5859.43
15275,37,1,615.14
15134,14,8,1387.99
15406,31,2,510.71
15819,49,4,1905.45
17361,49,3,488.20
12762,7,2,1898.52
14953,25,1,285.67
12463,53,4,1344.78
16463,21,4,1422.40
17386,7,6,2686.42
16134,21,2,618.09
14641,21,1,110.46
17812,12,4,699.81
16376,8,2,974.96
16634,222,2,217.90
15661,317,2,309.80
17188,11,7,2474.23
17671,15,4,1572.71
13421,40,2,1823.21
13077,1,4,728.02
13718,246,2,306.55
16792,282,2,110.38
17426,8,6,5037.26
15087,281,1,306.94
17995,281,1,76.10
18213,236,1,232.48
17990,236,3,630.84
15376,40,3,1221.56
14101,73,6,5976.79
15852,186,2,160.71
13094,21,12,1927.32
17446,176,2,120.90
17718,232,1,139.35
15550,4,4,575.63
16040,65,3,1313.55
13614,24,4,1585.46
16456,99,5,2158.18
14441,0,4,1712.89
15067,78,3,1744.76
14416,22,2,490.22
15463,29,1,126.14
16426,2,10,1863.76
15436,12,3,1067.75
16295,9,4,1328.55
18181,24,1,366.85
13451,26,5,2898.26
16000,2,3,12393.70
17025,60,3,357.77
12673,5,2,610.52
12792,256,1,400.54
15624,116,4,588.13
15411,26,4,1348.93
17265,138,2,550.01
13183,7,9,3957.78
16545,164,1,339.30
12465,17,2,742.19
15584,23,4,720.86
17451,1,7,1721.40
13812,42,3,539.00
15074,105,1,735.67
14015,52,1,917.34
16248,61,1,152.94
16416,26,3,1051.40
14913,35,4,1227.43
15599,26,2,761.74
16245,23,3,1413.66
16411,19,2,211.70
13030,11,2,752.44
13188,11,1,114.60
12970,7,4,405.47
18245,7,7,2567.06
13659,205,2,1563.00
16030,309,1,331.24
13557,28,2,584.06
12601,189,5,577.06
14738,42,7,1314.45
17624,14,2,843.48
14148,233,1,157.20
13485,233,1,454.24
14305,71,3,1858.96
15901,16,3,349.75
12787,9,3,463.66
16584,80,2,936.08
18228,56,2,779.90
18215,89,1,299.34
15980,88,3,2398.86
14208,94,1,151.74
16243,33,2,409.10
17832,49,1,155.37
14624,57,2,225.85
14698,1,5,1217.27
15525,2,3,731.87
14594,7,2,363.33
14577,12,4,859.71
15933,21,3,1107.46
14960,8,2,221.27
15208,1,5,870.12
15899,368,1,56.25
13807,367,1,112.60
16812,360,1,479.35
12651,334,1,114.00
15733,282,1,162.30
12456,44,3,3181.04
17594,85,2,993.18
15389,172,1,500.00
13235,212,1,1031.07
13109,59,2,786.54
14396,65,2,487.99
15597,35,1,324.57
12827,5,3,430.15
13285,23,4,2709.12
13859,326,1,201.16
16698,226,2,1998.00
15644,166,4,803.54
16619,263,1,226.21
17701,252,1,417.95
18262,140,1,149.48
14067,63,2,374.70
14658,5,2,247.15
13621,116,1,213.85
12758,116,2,2791.59
13000,106,3,534.85
16198,75,1,400.68
12550,79,1,964.83
15179,18,5,2206.95
12935,2,7,2160.70
15716,145,4,1101.11
16112,143,4,195.74
17602,2,6,5054.42
12577,35,3,622.65
16725,302,6,756.82
16607,17,14,3347.71
15246,238,2,514.15
16013,3,47,37130.60
14414,91,7,1496.98
14669,241,3,1259.24
15569,103,5,1375.71
14329,17,7,4975.24
16206,54,4,537.06
12924,88,4,925.75
13700,26,10,2248.63
14388,10,8,3212.84
15111,29,3,1567.48
17287,26,7,1049.06
16904,4,15,3634.95
14048,305,1,409.93
16945,21,19,4345.50
12576,35,5,1315.83
16710,19,10,2467.99
15918,190,2,334.23
15018,38,3,496.21
12731,23,12,18895.91
13462,252,1,151.50
17848,81,9,901.20
13018,16,28,7277.70
12348,75,4,1797.24
15442,248,1,594.00
16131,51,6,3506.54
17058,81,3,1179.89
14924,245,1,310.05
16045,119,4,1340.70
16709,84,5,3029.87
16700,8,13,5076.55
17576,8,19,3564.83
17830,1,3,398.70
16012,35,3,1415.29
16998,149,4,295.00
17389,0,34,31833.68
15689,119,2,254.10
14499,26,3,808.44
17491,1,10,3558.87
13106,133,1,76.50
17695,131,2,765.34
15952,33,4,781.91
17899,159,1,154.55
15007,159,1,156.91
17865,30,20,10524.22
12695,7,4,582.10
12662,0,11,3849.78
16488,33,3,498.80
13266,11,12,3834.26
13717,32,6,1445.01
15374,128,1,168.00
12409,78,3,11072.67
14261,50,2,1163.45
17652,25,12,4867.72
16878,84,1,13.30
16369,18,3,1543.33
16360,4,6,3450.41
12670,10,5,2996.05
16181,73,1,305.54
17591,73,7,2203.67
13309,7,5,1456.79
13028,22,2,661.32
13461,38,3,1445.00
15434,8,5,1041.48
14482,18,6,2022.81
12627,10,7,4478.53
16454,64,1,5.90
13394,1,8,2520.02
17201,53,1,289.78
14710,14,4,599.48
17523,11,4,652.74
15877,1,2,490.33
16804,23,3,536.99
14159,19,11,4627.98
17126,152,5,989.45
13497,282,2,348.05
13173,4,2,353.65
15858,15,5,1427.57
16556,66,7,3313.79
14737,3,3,1164.55
17924,11,7,2962.50
16913,290,1,113.44
14226,28,5,2214.79
13121,269,1,283.73
12645,33,4,1775.18
16471,274,1,223.95
16743,29,7,2213.13
13334,82,3,3502.32
17133,15,7,4892.24
12414,217,3,562.41
17670,227,1,205.70
13572,205,1,1384.25
16226,203,3,255.12
16642,4,2,688.33
14888,207,1,369.20
15825,172,1,532.94
14907,3,7,3501.10
16038,7,3,471.78
15502,15,10,6923.98
13207,15,2,250.26
16938,8,4,2711.68
13972,70,2,190.25
14227,26,10,3350.96
12612,74,1,704.04
16462,73,3,136.00
14857,59,2,1173.12
13938,35,1,71.66
13139,16,7,5064.94
12408,32,5,2888.55
17720,26,4,1195.94
12867,26,7,4009.34
12508,26,2,397.88
17253,18,1,178.26
18239,218,5,1561.61
12509,284,1,176.50
13819,301,3,1140.35
14497,309,1,475.37
17457,126,5,1737.70
12434,84,2,806.14
15143,225,1,259.45
15622,43,9,3709.56
13003,105,3,149.05
18171,58,5,1231.31
14720,5,3,663.81
14660,86,2,285.74
15690,4,2,239.76
13477,37,6,1454.58
12763,138,2,494.08
12527,81,3,348.71
18096,11,3,849.06
16690,72,2,225.58
16233,71,3,536.68
17015,28,3,1838.61
18053,70,1,300.02
17033,86,3,1030.14
14216,3,4,1839.30
17867,30,6,1157.87
15740,49,1,154.88
14805,15,4,546.40
14830,53,1,188.03
13596,5,2,664.11
17236,12,6,916.13
13844,11,1,361.62
17967,371,1,112.27
15945,365,1,181.00
16367,37,2,800.67
15211,60,2,894.41
14549,311,1,289.24
18196,95,2,686.63
16081,56,5,2799.42
18273,2,3,204.00
12502,95,5,3723.87
15705,201,1,143.10
17797,22,3,780.43
18221,22,5,1041.61
17414,43,2,778.00
14820,21,4,507.29
14116,19,5,1382.74
16539,2,4,1388.81
15136,2,4,1286.70
16811,4,2,547.07
18085,330,2,689.95
16274,373,1,331.55
14176,297,4,576.90
15723,364,1,190.70
14898,23,6,1269.31
12831,262,1,215.05
13649,256,2,346.60
14481,164,2,636.51
13300,169,1,371.89
15587,50,4,913.68
12680,0,4,862.81
13851,95,3,2651.46
15612,36,2,195.15
13810,28,2,899.51
14592,35,3,557.94
17898,85,2,152.06
14652,77,1,114.18
15978,77,1,1098.78
17831,33,1,35.40
15791,43,2,1612.69
14023,7,2,584.07
13800,309,1,558.32
16394,56,5,1555.34
17508,280,1,387.31
14431,302,1,470.36
17763,263,1,15.00
13632,24,5,2118.93
15655,243,1,560.67
17423,46,2,698.41
17176,201,1,306.13
15247,122,1,356.00
12917,128,1,594.00
18121,149,2,653.30
16777,80,2,222.62
13429,10,4,1006.80
14975,57,1,279.94
13853,57,1,1090.14
14424,17,1,322.08
17101,10,4,1621.73
13428,10,1,201.78
15790,10,1,218.75
17321,8,2,657.16
12559,310,2,561.71
16965,226,1,192.07
15880,369,1,329.03
15311,0,91,60632.75
16321,72,5,373.65
15727,16,7,5159.06
17752,359,1,80.64
16985,17,10,5464.12
14825,3,12,2221.01
12523,19,11,1789.77
12530,59,4,1662.28
13534,2,25,5870.08
16059,65,6,1453.16
15955,24,14,4416.26
15898,1,5,1383.83
14180,10,25,4748.52
12845,267,4,354.09
15039,9,47,19766.59
13126,4,8,2099.64
17716,22,11,5655.99
16919,156,11,2592.25
17589,60,4,2402.92
15855,136,5,712.24
14810,40,11,2085.33
13221,240,2,844.86
12717,151,2,1030.98
17394,219,1,203.87
17429,128,3,524.92
13711,218,2,252.06
17512,28,10,2924.99
13475,191,4,1431.78
17019,11,4,1258.08
18013,155,2,187.29
17315,1,38,6271.15
15251,9,11,10484.99
13509,8,7,979.72
14409,71,6,2059.45
15795,149,1,610.01
13804,30,7,2588.39
13549,25,7,918.20
16186,22,12,4006.94
17341,156,3,682.29
12455,73,6,2466.86
14214,30,5,1004.38
12362,3,10,5226.23
12716,3,2,1053.49
14341,45,8,2166.98
14053,124,2,260.25
16918,49,6,1068.82
16968,4,2,439.43
15812,107,5,1801.14
16033,5,20,8778.82
13805,52,2,924.60
12395,19,12,3018.63
12871,84,2,380.64
15523,84,1,412.01
14878,12,9,1476.09
13925,92,4,678.25
14221,42,9,3432.80
14112,22,7,2915.15
17419,11,12,4226.57
16825,38,2,775.18
17495,7,2,497.56
15805,23,17,5488.18
14434,21,6,1372.80
13772,33,3,1122.63
13940,17,4,839.14
16221,36,3,860.86
14946,14,1,100.90
16764,3,13,2790.95
17920,4,17,4107.60
17988,11,7,201.12
16596,15,2,250.15
12691,28,6,1035.80
15132,18,5,977.93
15845,17,8,3711.77
17835,2,3,342.24
18006,23,1,444.68
15737,14,8,1188.12
15489,22,3,1134.28
17691,358,2,290.40
16950,56,3,1178.56
16805,173,2,460.59
13747,373,1,79.60
12727,10,7,3980.70
13414,133,3,1390.50
17147,22,4,1714.59
16152,268,1,1829.04
14758,144,4,1484.06
16389,53,4,1382.07
13722,131,3,2375.41
16356,197,3,211.77
14146,8,5,4191.00
12429,9,4,3750.40
14731,47,3,380.02
13993,42,9,3466.36
16320,172,2,1038.46
15998,36,5,3080.22
13092,70,5,477.83
13381,31,6,3639.31
17444,147,3,2940.04
16203,58,4,592.90
14622,184,1,320.58
13865,58,4,501.56
18211,25,5,600.07
13815,22,4,4027.36
16637,32,4,1154.47
18073,114,12,3859.82
13617,40,3,544.18
18143,116,2,1000.16
18192,71,1,957.97
17376,70,2,203.20
16341,24,4,1971.87
13704,5,9,2308.06
13314,1,3,775.94
15762,65,2,583.75
17274,35,1,107.82
18167,23,3,1384.86
15676,18,3,3435.76
15522,32,2,397.99
17623,32,1,527.05
13058,24,3,271.40
17086,7,6,2050.08
15787,26,3,933.26
17018,40,2,920.10
14554,10,4,2279.49
14502,19,11,2426.79
15777,241,4,1047.11
17888,21,8,716.00
17462,60,2,675.69
13908,79,4,2319.55
18226,44,11,5228.05
15608,28,4,1093.68
14452,10,2,259.05
16603,74,2,482.47
15201,87,5,1236.54
14163,87,4,2445.91
14690,44,2,355.05
16628,29,5,2188.05
12939,64,8,11581.80
14019,46,3,1421.61
12752,81,1,4366.78
13228,81,1,358.00
13959,79,3,594.04
13321,72,2,567.36
16475,88,4,544.30
13107,44,4,1531.62
15744,77,1,34.80
12820,3,4,942.34
15830,37,1,576.00
12990,31,3,409.50
17351,36,3,587.15
16016,3,8,1465.51
17785,53,1,131.94
16560,26,2,841.41
16900,16,3,887.11
17852,11,2,114.34
14597,11,2,866.24
13033,357,1,190.55
15107,311,6,319.50
15133,127,3,982.42
16449,197,2,707.69
13637,52,3,803.05
16424,191,1,133.56
13482,232,1,184.64
14231,183,3,925.71
17409,184,2,771.85
15574,177,4,675.64
13211,10,3,1095.42
15429,26,2,397.35
14529,60,3,578.61
16066,16,5,1521.04
14910,2,4,434.35
14087,2,1,191.47
15549,77,3,1677.71
16730,52,3,743.11
16757,318,1,106.83
15379,169,7,3703.29
14127,122,3,709.71
12480,28,4,3281.63
13636,36,5,949.12
17580,252,3,212.77
16696,135,4,657.90
17173,5,8,3766.60
17053,130,1,498.48
16747,37,2,836.06
17154,75,1,329.34
16594,75,1,181.09
14757,75,1,420.50
12394,63,2,1272.48
14792,63,1,6.20
12684,7,6,2253.63
18106,329,1,421.90
15965,17,4,808.87
12785,364,1,311.95
13362,9,4,3090.74
16399,19,2,406.22
15098,182,3,39916.50
16671,28,3,1692.27
12412,74,3,1226.88
12616,95,2,713.30
13296,137,1,87.40
13006,56,1,81.57
14503,3,6,3543.26
15164,68,3,824.58
14044,26,4,646.42
15096,42,1,219.39
16851,4,3,342.45
13449,23,1,291.88
17895,44,1,95.45
15948,8,2,955.24
15540,11,1,213.30
13389,11,3,797.96
17767,15,1,271.20
14775,58,3,1011.90
14448,9,2,375.35
17965,37,14,2599.19
13579,14,2,467.04
16161,1,19,5533.67
16775,10,11,1691.51
15750,2,8,2463.05
14871,3,4,501.28
17404,4,15,31876.82
15005,15,28,6293.67
18260,172,6,2628.35
12423,0,8,1859.31
13953,7,7,3515.68
12359,57,4,6310.03
16349,290,1,53.50
15240,44,5,1706.57
17314,24,8,2527.92
17884,3,4,695.07
16745,86,17,7180.70
14735,3,32,6065.69
15827,73,14,1836.09
13166,283,1,417.20
14012,277,1,328.80
17730,3,13,5298.48
13502,16,3,292.00
14334,16,8,2552.21
18173,86,4,2106.84
17616,173,3,571.20
15260,100,7,1810.77
16928,80,17,2806.75
12562,8,7,3781.74
16027,91,6,934.62
15555,12,16,4791.87
13985,4,15,7060.13
15602,8,9,1297.87
15329,39,3,1049.70
17629,5,8,1814.12
17948,147,1,358.56
14958,147,3,483.73
17750,5,9,1694.16
13629,23,11,7792.36
16592,4,16,4113.68
13379,26,3,572.56
16898,26,3,501.03
16324,128,3,408.59
17656,73,5,1674.69
12676,24,6,1331.39
15512,155,2,121.00
16609,15,7,5493.46
16656,22,15,8625.80
17790,26,14,1964.30
12720,2,25,5781.73
18203,157,1,160.42
16146,157,3,734.13
13468,1,37,5704.97
17562,14,7,1122.38
15334,156,3,347.87
16983,12,7,1905.87
14517,33,2,330.45
14522,24,4,974.54
17047,85,3,1100.90
16978,77,1,344.33
15755,10,6,2364.25
13035,73,2,921.88
17233,35,1,190.88
12928,35,5,2062.70
17183,7,6,3347.31
17777,24,3,647.56
13146,26,1,228.91
14582,40,1,114.11
17609,40,5,1098.28
14790,16,4,745.06
15857,18,1,297.00
18139,17,6,8438.34
18156,12,2,675.64
15938,112,5,404.58
16235,40,5,867.31
13750,53,5,1647.26
16401,1,12,4098.32
17795,179,2,342.83
16807,142,3,1121.59
13918,49,2,1212.84
15572,4,7,2533.42
14535,60,3,2854.84
13562,81,3,1799.33
14173,10,4,450.84
15508,189,6,1000.27
17374,218,2,495.77
15304,60,8,694.40
16156,8,9,3092.04
13307,120,1,15.00
14191,1,13,4684.76
14730,1,8,1897.57
13411,107,1,213.55
12421,15,4,807.04
14005,9,5,2874.72
12750,128,1,275.88
16213,78,1,159.00
17612,53,6,2048.45
14562,3,18,5006.77
13067,82,1,115.46
14223,92,3,991.13
15730,65,3,1120.88
16750,44,5,623.93
14824,10,4,1127.71
18067,40,1,396.33
13978,14,2,196.79
16201,3,4,1863.47
17166,38,2,206.34
12552,38,2,437.82
18092,2,11,9068.26
12948,16,7,2064.95
15344,0,3,563.94
13710,31,1,180.48
13532,33,1,210.31
16542,53,1,119.62
17557,14,3,541.46
15186,14,2,411.41
16364,11,2,705.79
17663,25,7,1802.91
12938,25,1,114.14
12933,24,3,607.53
12557,16,5,11990.96
16532,17,3,6748.80
12988,292,1,505.82
16770,57,5,757.10
13324,36,10,7121.95
12609,78,3,1126.85
13837,211,2,266.59
14978,72,5,1921.37
14616,242,3,406.08
14240,30,2,890.34
14973,107,3,1314.45
12770,210,1,1351.45
17765,158,3,367.63
17770,198,5,1143.27
14705,198,1,179.00
15780,183,3,475.28
16552,242,2,379.73
14696,4,7,2078.95
13203,9,4,869.46
14495,50,2,123.80
17931,134,2,408.36
17676,4,6,1371.18
13200,19,4,870.09
17659,17,12,2999.46
15045,151,2,735.66
15215,46,3,734.94
17522,1,5,1066.15
15351,12,7,1934.66
14649,4,4,1402.59
14359,19,3,912.18
13364,71,1,134.96
17552,60,4,930.41
14968,30,1,147.59
16639,31,3,1257.51
13171,21,3,468.41
14126,7,3,706.13
12391,21,1,439.66
14052,19,1,225.36
15993,8,7,2768.97
18101,11,2,222.40
13715,281,5,1077.39
12797,365,1,254.03
16065,365,1,367.14
16711,3,5,1651.03
14344,127,8,889.93
17978,365,1,300.92
16163,232,2,856.60
16503,106,4,1431.93
14309,8,9,2352.53
15381,213,2,596.85
12597,19,4,3811.22
15636,89,2,724.76
17582,236,1,175.27
17799,22,10,3039.17
13577,25,4,1687.60
14770,232,2,876.42
15810,78,4,1391.98
13339,200,1,860.12
15349,158,2,463.91
14998,170,2,414.87
13515,72,4,891.12
16354,63,2,395.80
13787,75,2,309.04
17985,22,1,631.35
17153,24,1,213.78
16557,24,2,281.85
14141,2,4,915.13
15213,318,2,328.35
15079,212,4,895.61
13740,240,1,350.75
13005,173,2,513.70
13973,287,1,264.70
16374,66,2,458.78
13196,11,4,1797.78
12656,17,5,4051.17
17455,203,1,131.70
13243,203,1,585.12
14552,151,1,164.22
15146,164,2,1327.16
17391,163,2,508.80
14656,169,2,291.05
17527,53,4,939.37
16384,89,2,584.50
17146,105,3,749.78
14837,89,4,1649.50
13260,61,1,557.62
16260,50,1,1035.45
17354,50,1,1393.06
13354,71,1,743.53
13817,29,2,382.98
15988,19,1,156.78
16800,11,1,1162.65
17811,4,39,7755.12
13756,2,14,5189.52
17365,12,8,4762.32
16791,29,7,1693.03
13110,31,7,1488.67
13187,337,1,236.02
12583,2,15,7281.38
16593,50,3,330.03
12989,3,15,6924.11
17855,372,1,208.97
16546,290,2,787.15
12915,148,2,363.65
13786,367,1,230.40
12902,264,1,138.68
16444,46,4,654.67
16954,0,9,2085.08
13452,259,2,590.00
18172,14,20,7561.68
17781,159,2,188.02
17613,22,14,4544.55
14543,28,16,3565.08
15860,40,8,965.16
15674,73,4,2111.89
16558,0,20,8338.49
18036,32,3,403.12
12647,22,12,3722.82
13731,219,2,610.59
12593,108,3,418.10
13821,144,2,385.64
15150,17,10,5291.33
13157,49,4,1741.22
13969,7,18,9024.17
13999,10,12,3901.81
14959,64,4,695.42
13588,15,9,2478.95
17633,31,4,1324.84
13004,11,18,5655.91
13217,122,3,533.98
16009,22,4,972.11
16308,37,4,2560.00
15932,4,8,2495.87
17256,107,2,240.00
13083,4,2,303.75
16744,11,7,1291.91
15271,7,15,2493.34
16150,42,5,2053.02
12600,28,10,2599.04
13566,40,2,856.84
13979,73,1,869.87
13727,28,2,333.48
15707,35,4,916.98
14110,3,12,5683.15
15227,36,5,1219.40
13875,53,5,1786.79
16563,53,1,1077.74
13860,1,5,1245.90
15291,25,14,4623.30
15556,24,1,279.77
13638,15,1,122.64
16311,17,2,616.26
17600,17,1,161.67
14162,173,2,289.36
13405,204,2,557.45
16043,37,4,773.99
16714,317,2,1114.06
15167,320,1,158.80
14744,16,7,1099.98
16187,31,15,6911.44
12464,10,8,1212.05
12754,235,3,3010.74
12410,308,2,693.33
17063,21,7,1461.14
13090,8,13,8895.82
14271,225,1,112.32
13499,17,5,1159.11
15882,198,4,514.08
14415,1,13,5855.57
12613,57,5,3344.38
12974,197,1,144.80
13516,21,3,1389.41
17573,29,3,380.60
15746,134,1,196.88
16880,30,7,1491.43
16083,100,2,1317.62
13276,63,2,590.93
16014,37,3,646.83
13548,96,2,678.16
13774,81,1,345.00
14704,19,7,1461.62
16989,7,6,1133.25
16984,88,2,4459.52
15996,88,6,1032.58
15764,88,6,3279.97
13430,18,2,679.45
12566,86,1,351.65
14177,86,4,549.46
14147,78,2,483.40
12546,46,2,1161.50
13949,2,6,2427.32
13994,3,6,2274.14
15152,9,13,4745.69
13974,49,1,413.59
15781,25,3,345.46
12618,21,1,177.31
16506,19,2,90.30
18110,19,1,198.80
12479,11,1,527.20
12553,8,10,3692.28
17566,8,2,869.77
16583,373,1,233.45
14573,179,9,1639.82
17526,4,4,1195.90
14479,253,2,316.25
18004,362,1,157.92
16519,25,2,212.98
16553,163,12,5719.82
16949,3,6,1286.27
14895,7,20,11138.71
14504,47,4,673.26
15182,154,2,622.85
12435,79,2,7829.89
16370,82,4,1301.91
12942,131,3,675.60
16969,39,3,650.41
17464,158,1,289.96
16385,60,3,554.86
14640,24,6,2107.38
15130,169,1,330.11
14583,5,5,986.96
15578,162,1,127.10
15016,172,1,170.04
14808,39,8,2718.60
14432,9,6,2248.50
16712,9,11,3603.66
13603,26,1,164.34
18237,2,5,987.10
12578,21,2,2794.51
12855,372,1,38.10
17375,199,3,400.10
17969,166,2,228.20
15316,326,1,165.00
15660,25,9,1600.86
13484,241,1,313.80
12766,3,7,6989.63
17974,24,3,703.99
14157,19,2,424.89
16182,72,4,6617.65
18177,31,6,1340.87
14506,17,5,1960.65
13244,92,1,121.74
14024,121,2,327.70
16172,95,5,1140.21
14776,51,11,2538.30
16613,70,1,618.59
15526,33,2,148.44
13523,33,5,3964.88
12432,42,5,5059.32
14608,4,4,1785.15
18276,43,1,335.86
13212,19,3,786.83
15318,3,1,312.62
17360,17,3,568.24
15796,1,8,2707.61
14251,1,5,2879.70
17714,320,1,153.00
15724,201,2,218.25
16405,302,2,167.25
15197,10,3,1079.61
17358,303,2,360.81
16036,87,2,758.92
17152,194,3,1689.50
13781,250,1,127.84
14593,21,3,617.15
13771,64,4,2634.45
14912,16,2,867.85
13989,65,2,1266.08
17578,218,1,143.46
16801,163,4,1594.23
17120,233,1,307.46
13162,122,4,1688.29
13667,149,1,299.05
13348,64,1,233.76
17034,16,3,745.52
17405,1,3,1031.41
17088,28,4,1991.01
13365,33,2,2225.37
17734,53,3,700.63
16855,23,2,328.40
15801,46,3,1063.95
14385,9,3,202.11
14761,58,2,255.90
12868,185,6,1607.06
13939,23,3,568.55
17979,35,4,729.01
14536,259,1,170.95
17900,190,2,112.20
17157,7,2,319.00
15563,22,3,1361.44
13291,155,1,361.11
12358,1,2,1168.06
16338,157,1,214.80
15593,70,1,199.80
15573,31,2,583.24
17786,85,2,266.85
14880,77,3,690.59
16999,23,2,484.82
17647,65,1,133.06
13177,64,1,282.45
15900,23,1,337.28
16204,23,1,384.18
16202,360,1,365.27
14130,319,1,480.91
18212,326,1,216.07
12812,44,1,229.64
15423,38,1,43.50
16205,30,4,751.03
15822,3,2,885.47
13060,253,1,307.53
13213,56,5,1520.58
14000,211,1,635.66
15255,66,1,890.85
15228,66,4,3386.71
13792,66,2,195.55
15557,28,1,468.91
17010,18,1,195.36
16431,213,3,623.28
14386,296,1,142.40
17619,312,1,214.37
17604,217,2,309.36
12802,186,1,427.58
17970,211,1,562.79
12809,177,1,489.31
16141,88,1,620.40
16574,71,1,451.44
15886,60,1,181.09
16953,30,1,20.80
14114,273,2,386.53
15510,330,1,250.00
15869,277,2,149.64
15832,254,1,836.79
15049,273,1,121.17
12426,194,1,582.73
15386,186,1,394.14
16753,58,1,223.92
15604,52,1,216.39
17297,17,1,128.18
17537,29,2,887.67
15010,35,1,308.94
13822,5,2,632.00
16366,18,1,327.30
12401,303,1,84.30
12852,294,1,311.55
12995,85,1,211.32
15678,52,1,352.70
16413,56,1,262.20
13349,10,1,197.32
18030,4,2,230.65
15257,283,1,317.15
12945,288,1,462.95
12436,99,1,509.01
15342,129,1,406.09
12644,129,1,477.91
13366,50,1,56.16
16406,18,1,154.35
13382,280,1,222.99
14570,280,2,217.21
16271,15,4,1389.64
12462,18,2,1189.59
12580,246,1,415.70
12582,238,2,511.36
12648,154,1,318.05
13643,31,3,519.44
12965,89,1,769.81
18158,9,2,453.40
16322,1,2,326.75
16737,53,1,417.60
17206,53,1,204.24
16153,49,5,1824.23
18261,43,2,324.24
17181,57,2,239.92
16127,39,1,656.25
12784,9,2,532.82
12956,306,1,108.07
12514,267,1,1017.68
16023,46,3,719.81
13226,273,1,108.21
13294,189,2,873.74
13737,200,1,339.60
13976,206,1,357.98
17648,60,4,1797.50
18099,127,1,168.31
13602,64,1,428.89
12617,29,1,352.98
16569,3,1,124.20
12650,3,1,314.44
14935,297,1,1784.71
16509,296,1,363.70
17597,213,1,2044.37
18133,212,1,931.50
16018,39,2,408.90
13568,173,1,187.05
12718,71,1,238.25
17079,78,1,118.80
13670,75,1,349.70
13483,65,1,140.34
16986,29,2,1873.20
13133,273,2,109.80
14248,318,1,302.58
16832,184,3,199.15
13439,255,1,283.71
12888,214,2,354.12
15930,67,1,426.63
17172,78,1,317.76
14860,19,1,170.32
15973,366,1,307.82
16850,333,1,332.41
15361,361,1,418.92
15234,276,1,197.00
12361,287,1,189.90
12623,276,1,305.10
13194,135,1,60.70
15419,24,1,135.86
17247,15,1,280.09
18174,7,1,104.00
14520,1,2,270.60
17291,308,1,550.80
18056,288,1,363.65
16084,299,1,436.18
17138,275,1,380.50
17174,217,1,59.90
12548,166,1,95.20
15472,113,1,371.56
12667,58,1,620.13
12795,18,1,430.48
13160,22,1,91.80
14525,19,9,4215.90
14829,29,4,697.55
14901,11,9,1421.29
17757,1,30,5589.44
16755,114,3,1475.43
13158,94,4,1201.06
15218,10,11,5756.89
14527,2,55,8506.13
18144,7,12,2888.75
14238,326,1,146.85
13983,29,12,2603.43
15738,18,16,4812.42
18233,325,1,440.00
14688,7,21,5579.10
16718,369,1,606.05
15426,19,5,1404.07
17277,227,2,1065.35
13728,36,6,1016.14
14312,46,6,1611.59
13777,0,33,25977.16
13233,74,2,605.12
16923,12,19,7069.08
13668,2,21,6309.83
15547,7,14,4910.60
17238,2,17,3719.10
16121,57,2,854.66
13124,89,3,3756.33
17735,2,19,13110.02
15139,239,2,178.96
14708,2,3,1126.37
13064,12,4,1105.59
17567,7,8,4331.48
12916,138,4,2944.95
13802,138,3,4599.42
17312,138,3,644.30
14560,7,22,2237.77
15683,117,1,193.75
17703,35,3,798.74
12936,17,4,1063.90
12906,11,5,2919.81
12886,67,2,1378.40
16342,75,4,322.41
12379,81,2,852.24
16460,28,3,811.23
17921,64,4,820.23
17030,63,1,146.87
13876,63,1,122.70
12708,29,10,2712.91
18265,72,2,801.51
12500,23,11,4257.82
14963,9,5,1472.34
12876,57,2,2218.02
17111,47,1,231.61
14629,4,2,955.26
14607,15,12,15021.50
13104,3,6,1098.48
14493,7,5,2383.24
14292,7,9,4871.93
18079,45,4,3613.15
16966,8,7,2154.97
13755,3,9,2108.06
17668,1,2,347.75
16869,22,4,817.12
15763,31,2,1086.92
14916,70,4,1268.98
15262,323,1,178.95
12728,71,4,836.33
16359,7,9,1750.92
15953,15,8,1657.28
16567,194,2,865.60
13426,0,10,3641.32
15649,336,2,816.00
13634,33,5,1547.36
17064,58,3,855.45
16332,28,7,1582.80
14030,18,8,2358.84
14475,71,3,925.85
14693,264,1,172.90
16728,46,4,1048.28
13723,217,1,199.85
18161,15,5,1618.69
13911,57,9,2580.91
16010,245,3,392.40
13178,26,11,5725.47
16990,218,1,179.00
13881,3,20,17159.52
17213,40,7,2781.23
12520,79,5,2634.26
16218,29,7,3084.68
14285,21,4,1910.01
18178,128,4,1590.81
12678,42,11,17478.46
14765,29,3,254.11
14500,88,3,356.85
17634,36,9,2358.59
15198,92,2,193.64
14446,0,4,1005.55
13292,38,2,578.94
17302,14,5,1135.63
17109,29,6,881.29
12923,64,1,171.57
17520,53,1,546.81
13332,14,1,350.90
15473,14,7,1771.20
12668,11,4,3807.15
16936,25,1,261.90
16500,4,6,400.86
17530,1,10,2362.53
15594,15,5,1771.78
17191,28,7,2093.68
12963,8,8,1856.63
16782,10,13,2267.95
14931,4,4,864.68
12856,7,6,2170.78
18097,7,6,2662.40
12891,185,3,331.00
13161,313,1,112.75
15708,40,7,3235.25
14307,88,6,2995.72
13319,5,26,10845.55
12567,22,10,9401.28
14267,162,3,1516.24
17272,42,4,2148.63
14287,8,3,176.63
17574,242,1,185.65
14339,242,1,309.52
16668,15,6,306.72
15500,8,4,1131.56
13587,63,1,712.40
14951,79,1,311.69
13131,23,3,1073.30
12703,71,1,283.55
15322,85,1,679.68
16715,78,1,301.72
17480,77,1,511.82
13500,23,3,1166.77
15916,16,8,1502.86
12723,3,5,725.07
15906,19,7,1567.69
13520,58,6,3624.35
16891,1,5,742.43
14589,371,1,39.75
12755,280,2,3811.95
15983,22,4,1465.12
13369,365,1,258.28
14896,204,2,468.77
16520,186,3,1046.57
17198,23,3,692.22
16515,52,5,1624.14
12775,17,5,1386.04
18114,290,1,220.10
13151,295,1,1257.87
17515,31,4,639.02
15104,196,2,993.54
17923,282,1,207.50
15985,123,2,1142.42
16193,236,1,314.45
15745,19,4,1094.59
16554,42,3,837.10
15785,32,5,2328.97
17723,127,6,3276.40
13748,95,5,948.25
15292,201,1,178.39
14104,154,2,216.21
18193,165,1,243.76
13282,18,3,1132.14
15921,172,1,323.03
17037,87,1,1267.32
15312,75,4,924.85
15287,22,2,486.69
17621,21,3,1379.90
17084,35,2,2747.99
12413,66,3,758.10
13569,17,2,337.12
15881,312,5,501.39
16550,108,5,2298.97
18010,256,1,174.80
14178,8,7,1580.26
15713,143,2,356.70
16614,182,1,506.19
13745,162,1,300.04
17144,1,2,984.57
15099,84,1,410.48
14079,124,1,375.10
13099,99,1,207.36
13272,31,2,276.56
13594,52,1,396.97
16104,61,1,298.21
15475,77,1,454.11
14661,26,1,107.95
13297,7,4,2089.85
17379,11,1,389.72
17728,3,3,2876.01
13322,17,1,199.48
17094,322,1,302.00
17889,212,2,201.37
16057,16,7,2263.12
13931,95,2,1237.53
17906,247,1,72.90
14198,18,4,701.40
15530,21,4,1497.31
17802,82,3,1285.04
16119,8,2,423.36
13505,72,4,4393.63
13265,53,5,2092.66
14421,57,2,813.11
12587,7,1,144.00
18084,16,1,90.48
17406,333,3,2184.42
12515,353,1,383.70
15171,331,1,1289.50
17540,24,2,578.90
12614,277,1,315.60
17775,254,1,56.40
14453,190,1,119.93
15609,184,1,298.48
15577,151,3,258.88
14352,157,4,1078.96
14272,73,2,437.96
14317,64,1,508.58
13455,24,2,1058.34
14725,24,1,655.58
13926,23,1,223.85
17500,17,3,1138.00
17896,23,1,256.32
18050,359,1,74.40
13473,60,2,422.64
13144,332,1,110.95
16282,339,1,168.30
17956,249,1,12.75
14406,119,1,156.75
12589,28,2,646.68
16762,19,3,1207.24
13218,127,1,62.64
12453,134,1,707.09
16629,73,2,408.63
15339,66,2,574.07
16379,4,4,2157.40
12406,22,2,3415.30
17911,9,1,366.23
16495,3,3,648.26
17936,5,1,380.13
17535,280,1,164.40
16124,317,1,249.00
13936,179,1,376.58
17124,185,1,294.24
12725,371,1,427.80
17349,179,1,98.25
12510,142,2,982.57
16708,45,1,656.63
16171,59,1,73.20
18104,37,1,754.64
17510,24,1,308.48
15520,1,1,343.50
16916,23,2,562.41
16510,372,1,248.10
16765,294,1,34.00
17708,187,2,263.33
14557,85,1,788.38
16758,65,1,369.34
14480,11,1,279.05
14782,319,1,200.10
17245,204,1,171.45
17871,204,1,155.90
15307,95,1,205.30
12349,18,1,1757.55
15068,46,2,553.36
15408,264,1,267.18
13955,154,2,322.96
17219,31,1,114.23
15680,9,3,1333.68
14320,206,2,477.79
13368,256,2,573.40
16216,267,1,914.93
15850,19,2,234.88
12790,192,1,324.92
13919,59,2,384.81
12824,59,1,397.12
15315,64,2,570.50
13878,54,1,1271.57
12985,0,2,1239.38
16403,312,1,177.50
17542,269,1,170.75
13887,204,1,349.55
16113,183,1,161.38
12884,88,1,309.05
12756,86,1,112.08
12952,5,4,1387.79
16106,65,1,108.38
15757,65,2,714.42
18035,35,3,713.89
15043,31,1,537.00
13522,30,1,125.80
18274,30,1,175.92
12441,366,1,173.55
15944,276,1,325.10
16947,235,1,406.48
18086,274,1,101.34
14642,58,1,96.12
12602,58,1,153.12
13690,59,1,172.25
16284,31,2,812.68
13904,37,2,332.64
16897,299,2,289.78
13341,260,1,775.85
13273,113,1,138.98
15075,77,1,773.03
15637,52,1,223.36
13529,78,2,307.76
15468,51,2,467.51
14066,266,1,152.55
17226,308,1,393.49
13751,288,1,296.25
16810,192,1,309.54
16063,260,1,335.32
14873,210,1,519.68
18018,108,2,122.14
15314,199,1,327.97
14055,106,1,725.64
16582,113,1,313.62
15264,64,1,393.74
14295,40,1,166.20
13098,1,28,28882.44
14662,28,4,741.37
15967,23,2,397.68
13209,30,8,5891.61
17858,5,12,5140.66
13034,54,2,642.77
16912,28,11,2555.58
17744,3,6,2322.40
18041,11,21,4097.37
14798,52,3,173.74
15021,8,9,1871.77
16180,100,8,10254.18
15140,52,7,2354.25
13719,15,5,1041.68
17692,127,4,725.58
17719,37,15,5396.04
14709,15,13,4921.04
13642,215,1,312.28
13561,215,1,141.86
15704,140,4,2293.62
14684,25,5,1201.51
16115,9,8,1660.88
12877,3,12,1535.77
16162,252,1,37.40
14390,10,9,4642.57
16249,52,5,1800.07
16957,239,2,416.64
15920,154,3,163.55
16719,14,7,1770.22
15125,25,15,11528.48
15189,1,41,16225.39
17769,12,10,3957.43
16813,8,10,1652.18
15296,50,6,3672.86
14947,72,2,290.82
15484,1,4,3590.41
16910,4,8,1508.96
16779,2,22,10611.72
14739,4,7,3902.28
16536,110,1,548.12
14333,67,1,415.20
14934,81,2,1890.94
16477,63,7,2494.46
17511,2,31,91062.38
15348,72,1,158.04
16026,43,1,236.09
15511,11,5,900.53
15516,44,3,62.43
14764,46,1,278.30
15444,9,2,1411.21
12571,39,2,519.61
15793,14,3,965.61
14140,3,2,935.05
15249,31,13,6688.46
18135,29,5,681.91
13506,316,2,458.52
17214,60,6,1059.12
12724,5,4,1031.41
12484,32,6,4527.32
13048,14,4,1819.41
14135,1,15,4690.31
15363,372,1,326.00
13880,21,13,3219.77
15521,40,8,3000.20
12779,37,8,3981.36
12744,56,4,9120.39
16652,58,7,6773.97
16175,94,4,1037.59
16942,12,9,1904.99
15410,84,8,3450.84
14870,261,1,327.25
17892,56,3,244.10
16041,30,3,3166.40
17229,96,2,318.76
16464,19,3,1298.66
17293,8,9,1854.06
13833,159,1,383.85
13850,129,1,1595.48
16672,2,20,8134.94
14462,66,11,1975.57
15947,82,1,1708.24
15618,32,4,776.85
14276,98,3,1119.74
12491,38,1,460.40
13323,3,5,787.85
14229,51,3,1547.20
17813,14,5,1698.07
12526,0,3,1316.66
17125,50,1,230.50
12912,2,5,1662.30
13081,11,11,28337.38
16303,25,3,5360.63
14853,24,2,475.80
14759,4,3,1625.97
14088,10,13,50491.81
17135,16,7,1139.73
14125,10,3,2720.63
14719,1,5,1581.84
15699,17,1,309.65
13744,95,2,1080.52
17323,15,7,903.12
12826,2,7,1474.72
14068,320,1,265.85
13068,10,2,344.00
17165,284,1,158.68
15719,32,13,5028.42
17672,50,2,3178.17
16145,8,11,3799.49
18068,289,1,101.70
13900,183,3,740.95
18080,18,2,1231.50
12363,109,2,552.00
14326,242,1,183.85
13120,238,1,30.60
14323,114,2,605.06
13130,94,1,64.00
12830,37,6,6814.64
15120,133,1,358.82
13145,39,4,618.52
15491,95,6,3100.09
17724,71,3,1033.00
15088,21,2,1160.07
12524,9,8,4485.72
14887,79,1,1862.00
17333,85,1,494.25
14598,44,1,221.97
17739,11,7,2791.35
17078,36,2,375.86
12712,28,13,4396.13
16363,53,1,109.36
16511,21,3,916.33
18145,12,4,2861.55
17422,16,6,1979.37
17937,8,7,4301.22
13115,11,4,2294.78
12967,358,2,1660.90
13370,371,1,754.87
12551,357,1,168.00
15160,357,1,158.16
17085,123,5,1562.40
17860,368,1,226.45
13982,39,4,1871.81
16907,29,5,928.76
18202,199,3,1396.99
15303,290,1,574.02
12873,282,1,374.00
16571,26,3,1421.69
13692,24,3,1488.32
16838,197,2,588.85
12937,15,4,1504.27
15108,141,4,1300.25
13682,187,1,59.50
16739,176,1,323.00
16276,176,1,810.60
15907,3,3,881.87
12622,232,1,180.10
16566,15,5,614.66
17110,165,1,163.30
16316,64,8,2938.91
15840,58,2,355.56
13343,177,1,303.43
17536,177,1,76.50
15095,103,4,1370.60
15343,87,1,364.50
18155,75,3,371.62
15274,4,2,716.57
17348,14,5,1156.60
13417,4,2,640.83
12672,329,1,225.90
14496,311,2,538.81
14952,59,11,8099.49
14437,365,1,63.00
14981,246,1,102.12
15457,262,1,237.07
13085,157,2,416.08
17709,169,1,137.45
16108,84,1,842.50
15006,51,1,475.43
15185,70,1,310.62
13336,77,1,795.12
15531,8,2,1972.39
12397,35,2,2409.90
16504,25,1,465.88
13170,26,1,108.81
13481,45,5,1804.56
17932,29,3,1331.57
17561,19,1,165.12
18130,15,3,1059.39
12962,7,2,266.39
12350,310,1,334.40
15397,289,1,94.00
12541,29,3,981.18
15759,218,3,253.04
14373,358,1,76.55
15665,168,2,2222.21
14105,239,1,1266.23
15135,239,1,139.05
13952,217,2,3251.07
17115,8,3,837.50
12833,145,1,417.38
13778,103,1,178.70
17289,31,3,931.02
15551,36,1,436.06
16430,57,1,300.85
15142,46,1,498.74
15786,46,3,4919.00
17286,21,1,151.37
16531,22,7,1244.59
17128,334,1,157.09
15308,274,1,310.47
16484,173,2,404.30
16266,73,7,861.89
12690,205,1,389.01
17556,205,1,157.90
12759,52,3,1531.44
17046,157,1,642.02
14645,156,2,597.09
12694,70,2,869.67
15754,51,3,458.57
13739,18,1,216.90
14551,18,2,186.23
17343,355,1,193.64
13531,205,2,483.80
17880,364,1,458.92
17994,121,4,674.89
12422,95,3,803.56
17454,192,4,517.53
16209,88,5,2262.62
15739,66,1,449.12
15994,54,1,414.27
12504,18,2,482.05
12531,14,1,125.22
12719,5,2,644.95
14288,213,1,426.60
17501,220,2,288.60
13135,196,1,3096.00
16298,22,3,598.20
18066,75,1,318.00
13927,74,1,348.99
16140,65,2,725.18
18105,37,1,113.48
14974,37,1,89.94
17947,37,1,176.68
16516,30,1,101.70
17722,96,4,2424.04
15922,373,1,369.50
16927,115,3,543.05
13937,169,1,158.85
16323,196,1,207.50
17531,190,1,296.70
14972,128,1,114.77
12536,59,1,4279.71
15276,66,1,128.63
13986,17,1,320.46
18249,17,1,95.34
12558,7,1,269.96
13932,294,1,307.40
12665,324,1,63.00
15652,91,1,337.74
13947,65,1,90.60
13689,63,1,910.00
14501,183,2,251.21
14165,275,1,120.44
15729,212,1,85.00
15937,64,1,145.35
13897,50,1,311.16
16773,57,1,171.59
14997,46,3,546.20
16482,15,1,220.62
13560,7,1,171.42
16024,12,1,245.75
12574,315,1,218.45
12853,134,6,1957.10
13898,325,1,155.93
15226,310,1,154.41
17284,60,6,1647.48
13101,234,1,101.19
13934,263,1,922.10
12710,96,3,1149.02
12420,63,1,600.39
14138,1,2,965.88
14971,35,3,1097.98
12581,39,1,197.71
13601,45,2,693.32
18269,366,1,168.60
17742,113,2,355.11
16976,267,1,251.52
15507,171,1,475.86
18252,50,2,518.27
15412,171,1,190.53
15258,168,2,623.16
16433,28,1,184.26
16414,21,2,126.25
16856,14,1,35.40
16535,5,1,593.75
14555,57,2,312.54
12897,204,2,216.50
18159,301,1,530.15
14716,43,2,307.51
13279,78,1,137.75
15091,67,1,480.71
15124,22,2,184.19
16926,371,1,230.25
15326,333,1,311.71
13304,351,1,300.42
13730,135,2,752.60
16017,47,1,211.88
12863,52,1,521.20
18184,15,1,49.80
15695,266,2,409.98
15319,283,1,204.50
15090,308,1,381.32
15668,217,1,76.32
16185,16,2,529.41
14689,208,1,112.80
16179,60,1,215.83
15634,17,1,243.55
14528,37,1,364.22
16025,29,1,439.66
13854,8,25,8109.52
15002,115,4,1641.76
12921,9,37,16587.09
14572,3,7,2804.54
14646,1,73,280206.02
15641,105,4,1887.20
15062,71,4,987.86
16525,2,26,13027.45
13089,2,97,58762.08
13408,1,62,28117.04
13102,1,24,6424.09
14270,331,1,492.65
16473,164,3,316.11
14156,9,54,116560.08
15854,4,12,2969.12
17017,2,20,8694.26
18225,3,12,5504.96
16458,2,18,3482.74
13230,4,14,2755.63
12681,14,22,13787.54
15671,18,7,2657.13
12901,8,28,17654.54
13225,3,7,6463.84
18223,4,14,6484.54
13626,252,1,257.23
14062,9,12,10464.85
14057,23,17,6211.66
14428,7,5,1224.06
15109,245,1,484.95
17035,245,2,433.53
15874,63,7,4405.88
17646,219,3,1008.39
14948,23,6,1101.97
15027,30,4,1066.15
15129,50,11,3447.40
16948,138,3,435.02
17102,261,1,25.50
18191,261,1,207.80
15505,52,5,3610.96
13681,17,4,827.83
12626,23,9,6620.48
14755,9,11,5010.28
13599,1,21,5149.92
16062,9,4,1153.62
14854,78,7,2740.03
13928,10,4,464.57
16931,5,21,4554.87
16723,91,2,576.40
13901,72,5,2867.20
14676,31,6,2548.24
12418,112,1,668.58
13327,38,8,3627.77
13871,22,13,6403.25
12364,7,4,1313.10
15465,19,18,7354.62
16438,5,5,798.35
12592,92,2,437.60
15453,1,7,1371.77
15839,33,3,1048.49
13448,16,6,3534.69
14859,12,4,1353.74
15656,45,4,748.50
14995,38,2,231.98
14485,38,1,162.80
13849,51,2,1537.95
16621,51,4,813.48
16676,33,4,1592.12
13527,33,7,2242.36
17453,17,2,486.72
13760,54,2,286.79
12473,53,3,2873.73
18042,53,1,165.05
15814,16,4,1945.33
16265,9,9,5347.00
17468,10,2,137.00
12438,14,2,2906.85
13914,11,2,626.45
17357,24,2,384.39
17290,3,2,513.01
14032,2,11,2975.59
13277,15,4,258.40
15270,15,7,2379.49
14701,10,9,2526.09
14297,17,4,1305.33
17324,17,4,986.48
13869,123,4,3083.65
15448,312,1,494.64
14740,197,3,1448.21
17171,289,1,224.91
15606,61,9,2920.16
16022,260,1,602.63
14077,40,5,499.42
15673,88,4,2726.23
13069,0,24,4431.44
16448,198,1,182.99
16686,47,7,2959.88
12507,134,3,1304.81
15245,134,3,2515.84
17706,4,17,10504.49
16780,100,2,422.24
12864,138,1,147.12
14780,54,2,447.68
16136,59,3,709.38
16418,44,3,631.12
14921,30,2,1316.07
12532,30,1,349.83
16505,31,1,777.60
14723,10,6,1120.66
14636,36,2,609.85
13495,7,5,2044.87
17760,21,2,287.59
17864,12,3,554.85
12572,8,2,1020.42
15458,25,1,161.64
17579,4,3,448.90
14547,3,8,3974.75
13255,9,2,399.51
12686,371,1,89.14
13082,126,9,3613.63
17062,313,4,528.29
17339,94,2,243.36
12849,31,2,992.65
14483,281,1,137.10
14092,7,14,4076.91
13136,56,5,2607.61
15210,225,1,331.18
18037,154,6,70.02
12547,197,2,207.80
13824,32,5,1698.94
16963,187,1,110.55
14515,17,6,2076.89
15552,217,1,90.12
17364,0,11,4462.68
14844,63,4,3189.81
16587,232,1,225.15
16344,158,1,101.10
16626,0,17,4413.10
14364,108,8,3717.35
16287,169,1,142.50
17854,185,2,311.26
14891,148,2,554.38
14250,7,3,1904.05
13884,7,5,787.60
17498,75,1,272.22
17131,5,5,2463.17
12545,75,2,1000.39
12854,78,3,1316.25
12844,29,2,325.96
16240,24,2,3718.80
15720,24,1,598.73
15861,12,8,3146.92
16720,26,1,152.95
14794,2,7,1319.91
17042,2,5,1036.58
16988,5,1,126.12
15156,1,3,961.49
12646,4,2,1346.97
13656,164,2,379.65
13280,122,3,798.46
18119,367,1,180.70
17230,264,8,3638.41
14037,176,2,147.20
18136,63,3,784.33
12693,127,4,855.91
14619,245,1,394.44
14245,219,2,1693.45
17443,219,1,534.24
13493,275,2,618.63
16809,23,5,914.69
13552,66,12,3740.07
13391,203,1,59.80
16572,127,3,1009.60
15265,151,2,1506.12
15384,169,2,642.41
13458,7,14,9646.57
16498,161,2,100.97
16317,119,3,1341.65
15975,84,1,371.01
18255,89,1,103.30
17693,137,1,200.47
16478,25,3,331.00
17203,35,6,3560.08
16693,68,2,477.86
18287,42,3,1837.28
15807,50,3,903.90
16485,77,1,363.65
15864,22,6,1936.32
16015,3,3,704.26
17901,29,1,110.38
18015,4,1,120.03
17666,3,2,728.16
12478,3,1,680.99
13017,7,1,204.00
12458,71,2,947.40
18176,358,1,476.35
13706,302,1,330.79
17849,218,4,605.80
15042,199,1,135.93
14109,72,1,144.20
14869,8,2,721.45
13735,24,4,2883.54
18240,46,1,422.58
14139,46,1,415.82
17458,15,1,316.50
16270,353,1,1141.24
16297,268,1,301.90
12468,187,2,729.54
12834,282,1,312.38
18280,277,1,180.60
13344,67,3,2511.69
15057,275,2,1489.50
16834,227,1,413.46
17505,161,2,1145.84
16829,156,1,197.22
16881,66,1,432.00
14666,24,1,179.95
15052,319,1,207.73
14411,310,1,1063.00
18250,310,1,349.27
13359,63,1,389.56
15297,10,3,641.94
12740,63,1,427.60
12371,44,2,1887.96
18270,38,2,283.15
14438,306,1,131.90
13357,257,1,609.40
15703,264,1,211.50
17438,253,1,388.45
14651,67,2,653.75
14819,64,2,272.07
18072,185,1,247.44
16859,144,2,747.81
18151,134,2,653.35
15639,134,1,425.32
17052,28,1,399.09
18062,173,3,720.52
17879,173,1,178.52
12579,78,1,440.42
14089,56,1,158.75
18032,334,1,73.50
17968,373,1,265.10
13753,287,1,741.26
13666,60,3,84.65
16230,189,2,542.03
13663,179,1,189.47
15478,40,2,1399.92
17022,31,1,71.00
17082,33,2,2003.85
17235,25,2,550.06
15428,15,1,93.78
17829,298,1,889.24
17881,304,1,133.35
13703,318,1,99.50
15775,245,1,104.90
12733,234,1,383.95
17250,3,2,381.97
13889,92,1,416.90
16468,74,1,74.90
16183,67,1,338.71
12713,0,1,848.55
16666,19,1,118.98
17914,3,1,329.36
13072,266,1,177.15
16072,288,1,584.32
12881,275,1,298.00
12715,106,1,343.36
15567,18,1,186.01
12847,22,1,843.64
16337,36,1,151.05
14672,234,2,765.55
12781,63,2,826.74
15452,29,3,528.48
12949,30,8,4167.22
14400,149,1,574.70
12405,148,1,1710.39
16761,96,1,316.62
16734,52,3,646.76
17311,78,2,1384.85
17603,78,1,394.72
12714,9,5,4708.86
14687,106,1,628.38
15365,25,7,2314.32
16358,1,4,2027.50
13140,108,3,422.47
13707,267,2,806.41
15019,266,1,252.81
13573,50,2,290.25
16766,273,2,1145.60
13425,108,3,1624.21
12375,10,2,457.50
16952,109,2,167.61
16895,64,1,202.27
15692,28,1,191.04
17385,14,1,256.11
13298,1,1,360.00
12707,291,1,603.42
15063,213,1,370.80
17345,15,4,519.69
13761,50,2,1070.65
14375,185,1,235.56
13395,185,1,307.72
14806,75,1,193.39
15835,44,4,954.09
16345,44,1,565.46
12734,352,1,110.40
13922,351,1,172.25
14237,373,1,161.00
15350,373,1,115.65
13345,287,1,339.50
12922,161,1,405.38
18147,45,2,179.34
17197,29,1,1013.01
17761,32,1,712.78
16781,372,1,311.25
16222,318,1,773.55
17217,234,1,113.50
16902,116,1,1706.88
16848,52,1,281.42
14029,63,2,467.66
17425,19,2,759.17
15405,189,1,349.10
17553,129,1,1487.60
16177,50,1,331.95
15385,40,1,316.88
16470,51,4,752.77
17288,9,7,1417.63
14466,29,7,2272.40
15732,212,2,294.12
13138,22,6,962.39
12476,15,11,6816.42
17346,3,15,2622.88
14644,67,2,830.76
16037,269,3,855.02
14659,8,9,2529.93
17329,14,2,523.11
14040,40,12,3560.32
16326,5,14,3039.22
15579,68,2,327.60
13148,29,12,3683.26
12594,37,10,3338.22
13725,49,8,1980.56
14534,2,18,4395.65
13198,10,6,3401.24
12451,10,5,9035.52
14090,324,1,76.32
12841,4,25,3991.58
17268,107,4,763.64
15356,31,10,2718.03
14423,218,1,265.20
13027,113,6,6912.00
17450,8,46,194390.79
14235,75,5,3144.86
12483,17,8,2484.98
13571,12,12,2088.94
13249,92,3,711.41
17966,37,5,1098.43
17644,1,11,2895.64
17705,3,9,1823.52
15722,35,5,2211.21
17841,1,124,40495.99
14523,108,1,241.09
17940,49,9,2152.18
13113,0,24,12245.96
15382,14,6,5955.71
13268,17,10,3152.71
12637,67,8,6002.90
14915,91,2,307.48
14711,10,11,2839.62
12433,0,7,13375.87
16362,32,5,709.99
13639,74,1,1033.34
16778,74,2,245.94
14473,74,2,234.34
16020,16,3,851.01
14422,0,6,4263.64
15987,12,7,1432.77
12569,2,32,4124.69
16549,10,10,4034.90
13521,1,3,1070.47
12798,10,3,6977.04
15060,8,4,293.00
17014,8,3,583.43
14262,8,8,2618.23
12664,8,9,4881.88
14702,1,17,3251.79
16513,4,4,874.59
18127,19,3,347.08
12994,4,3,974.42
18283,3,16,2039.58
14779,280,3,386.15
13317,66,6,2273.68
18095,312,2,580.05
12501,336,1,2169.39
15070,372,1,106.20
14491,175,2,340.93
16752,372,1,207.50
15544,9,9,3546.71
16402,264,2,293.45
12383,184,5,1850.56
16105,248,1,336.96
17873,80,5,1719.58
17669,42,7,3406.72
17704,168,2,885.19
12705,15,9,6868.29
12356,22,3,2811.43
15128,60,4,1471.00
16258,45,5,5203.51
14336,16,4,1614.91
13752,124,6,1175.38
17007,50,6,889.93
17107,33,6,10797.48
15561,11,4,800.59
15493,32,5,1953.41
14745,112,5,1220.26
14456,5,9,3014.32
12450,156,2,197.88
16684,4,28,66653.56
17975,15,13,4479.96
16241,9,13,2590.31
13470,99,2,165.00
12722,85,4,997.63
13242,112,3,270.40
14712,29,3,917.07
15306,64,3,1174.35
16173,15,6,1418.32
16624,80,2,810.57
16717,23,6,3843.08
18077,8,11,2584.41
15969,2,3,666.10
15782,9,3,2614.74
14966,14,1,183.02
15714,11,2,330.03
18263,25,3,1213.16
17228,15,8,1906.09
13410,24,5,1003.06
15679,24,4,781.28
17006,4,4,781.78
15393,16,2,231.86
16343,16,2,328.58
13732,28,1,491.86
13895,28,4,2593.07
17100,18,2,971.74
13403,17,1,75.00
16107,17,7,3204.16
13308,22,3,1385.51
17050,96,6,3185.64
17431,313,1,403.30
17118,317,1,157.02
17075,17,4,834.12
13742,16,12,3107.87
13539,85,3,631.34
16692,256,2,1276.00
15826,56,3,1654.31
14584,169,4,1033.06
14541,58,8,1453.35
13846,24,3,865.06
17483,65,3,414.04
15110,23,4,996.10
16268,71,2,617.65
12704,7,8,2340.84
17712,44,1,522.91
14524,31,9,1843.83
17637,31,2,547.06
12544,36,1,372.70
13471,1,4,2501.84
18034,21,2,418.68
16496,8,3,1599.52
15288,43,5,2306.52
17456,365,1,249.86
13496,10,2,653.33
18188,15,3,2001.04
17175,44,4,1443.69
15867,5,15,3803.60
12654,10,5,601.98
17550,197,3,267.16
15611,9,13,1591.45
17193,35,7,1699.30
14167,39,4,562.59
16955,184,4,518.67
15747,12,3,946.64
15325,103,1,161.74
12909,39,5,2178.67
15799,75,3,884.14
12739,78,2,1013.04
14362,22,1,151.50
17977,29,1,288.14
15289,29,3,939.78
13589,14,2,379.65
12832,32,2,383.03
13385,329,1,534.57
13564,354,2,1174.03
17524,361,1,145.00
16309,106,2,706.57
13684,285,1,65.13
16598,285,1,145.05
17516,15,5,764.88
18009,235,1,247.39
12669,150,2,1607.73
13376,99,3,869.76
13827,57,3,409.80
16940,52,3,3049.88
13248,124,2,465.68
14201,60,7,747.44
13045,99,1,305.28
15035,89,1,252.73
15238,29,3,1071.99
16872,77,3,680.02
15664,50,1,386.43
13886,71,1,243.56
13503,71,1,216.85
15034,15,8,4274.16
15450,30,1,429.84
13759,33,2,659.41
14218,42,1,169.48
14286,23,3,4628.75
14752,43,1,389.64
14591,15,4,1320.21
17499,289,1,622.88
13453,165,2,356.98
13402,127,2,621.23
13893,297,1,821.10
16980,255,2,1028.46
13570,243,1,239.49
17601,239,1,116.01
13946,79,3,561.57
13657,10,2,382.14
18248,122,2,804.02
17584,7,2,1242.30
18027,98,1,115.31
16674,54,2,304.24
12390,79,1,549.84
14108,30,2,597.91
16445,33,1,230.51
14967,49,1,463.80
13147,10,4,712.80
16852,10,2,144.91
13174,16,3,2738.82
15919,19,2,525.69
14609,72,4,601.56
16148,296,1,76.32
17356,311,1,178.22
17654,277,1,117.55
17331,123,1,175.20
12977,156,1,39.24
17694,141,1,283.12
13095,70,1,74.40
14014,77,1,505.18
12772,59,1,892.47
13283,59,2,93.66
16887,35,1,192.33
15654,9,2,922.53
14371,295,1,100.50
14133,129,3,605.64
13929,169,2,842.65
12346,325,1,77183.60
14762,263,1,300.52
17618,5,3,930.28
15935,239,1,108.04
14847,148,1,309.40
17941,130,1,304.56
16080,81,2,217.16
12519,63,1,330.84
13316,37,4,5732.93
16751,30,1,1764.72
15221,366,1,403.25
14813,369,2,152.88
17551,359,1,290.34
17278,241,1,246.04
16377,267,1,676.20
14747,249,1,328.20
17960,171,1,73.78
13070,192,1,228.80
17805,73,1,512.31
13351,66,1,323.94
17295,28,3,547.00
13591,64,3,1117.13
13504,64,1,295.93
16685,61,2,324.24
16921,61,1,154.18
14881,19,1,255.40
17737,9,2,168.24
17263,208,1,63.44
16055,220,1,134.80
16275,196,1,559.87
16581,182,1,105.84
13980,60,1,200.14
17382,65,1,65.40
15986,30,1,168.12
16617,235,1,151.85
14727,274,1,268.58
18138,295,1,152.65
12732,179,1,236.26
13080,179,1,58.08
17866,142,1,329.65
16054,145,1,783.90
15000,47,1,490.52
15153,31,1,329.25
15758,24,1,205.25
13436,1,1,196.89
17772,10,2,173.45
12866,283,1,559.12
15543,288,1,127.86
15554,277,1,217.20
12365,291,1,320.69
15178,260,1,40.50
18120,214,1,111.15
17040,137,1,449.73
14100,137,1,191.95
16123,51,1,307.78
15017,33,1,125.58
16846,50,1,214.32
14158,40,1,507.66
17839,42,1,318.15
17397,22,2,681.41
17359,11,1,127.86
17817,4,3,387.68
14785,10,2,77.40
15725,15,1,415.25
12817,281,1,166.04
14220,247,2,632.40
15517,233,1,267.03
14918,115,2,1610.15
18146,140,2,160.35
15300,64,1,496.44
18126,60,1,198.58
17186,46,2,144.00
13923,53,1,351.13
12631,57,1,640.50
17344,46,1,157.62
13651,39,1,79.20
15206,10,4,420.30
13948,360,1,102.00
14161,215,3,1097.62
15589,255,3,478.53
18220,226,1,305.28
15891,226,1,509.13
15032,256,3,4959.10
15691,252,1,136.80
16933,1,2,563.23
14463,98,3,529.62
16589,71,3,459.24
14314,106,1,120.00
16847,43,1,193.44
15347,366,1,201.60
16116,211,1,612.78
14542,185,1,103.25
12384,28,2,585.27
17119,3,2,606.91
15181,66,3,689.48
13193,61,1,112.08
15193,60,1,499.32
17255,40,2,291.48
15963,19,2,470.76
14703,14,1,318.17
13153,5,1,486.22
15394,9,4,2183.54
14569,1,1,227.39
13404,1,2,252.49
14760,297,1,89.20
14193,67,2,853.39
13052,212,1,348.15
14280,196,1,134.04
14327,163,1,311.65
15844,46,1,130.74
14567,56,2,1530.36
12448,44,1,449.45
14354,5,2,163.62
15562,351,1,134.55
15364,95,2,913.19
17408,163,1,32.65
15537,163,1,110.92
15483,161,4,225.26
12512,66,2,132.18
14381,52,1,202.68
15025,33,1,361.96
12374,25,1,742.93
12953,9,1,329.85
13141,84,5,2388.75
16099,50,3,731.90
15651,36,3,646.30
15092,215,2,457.81
17958,116,1,508.46
15958,74,1,104.35
17824,51,1,298.40
14349,10,1,133.50
15619,10,1,336.40
13790,4,1,348.80
18005,3,2,226.47
14059,266,1,183.60
12354,232,1,1079.40
16052,54,1,362.06
14488,67,1,1064.28
16873,4,6,7123.62
18016,32,5,1477.66
18219,2,10,2069.77
14293,3,4,1046.56
12808,36,3,483.65
16125,367,1,289.35
17897,172,3,541.81
15024,9,10,1636.43
16863,31,2,502.80
12370,51,4,3541.94
16833,1,4,1106.53
14051,0,23,15610.39
16996,30,6,1456.96
17400,126,5,2097.84
15061,3,48,54534.14
14514,61,3,990.20
17420,50,3,598.83
15670,296,1,173.05
13199,3,37,9802.12
12823,74,5,1759.50
13001,4,13,9785.97
15058,25,11,2102.54
14850,311,1,325.75
13494,311,1,316.26
16214,170,3,1062.75
13358,268,1,389.03
14239,43,11,2380.85
18125,29,4,1131.75
18118,10,26,5622.68
15838,11,19,33643.08
16625,274,1,333.08
17863,59,6,3160.00
16729,38,21,7202.01
13437,14,7,3408.06
17642,119,2,712.29
16011,8,16,3352.96
16843,42,16,10196.57
15219,176,1,305.75
14561,75,3,1080.76
13630,5,7,2031.78
12474,17,18,7324.09
15734,114,2,1339.45
14407,107,6,2157.73
14038,78,3,1560.38
17588,100,3,1240.20
14883,18,6,761.59
12625,211,2,2683.82
16244,211,2,1522.75
15974,39,7,3442.15
14016,161,4,4291.21
18229,11,20,7276.90
16333,7,22,26626.80
14548,150,2,652.80
14145,46,4,3742.20
14823,180,3,321.43
14259,141,1,120.00
14937,56,3,1621.88
15620,56,3,1553.18
16650,71,1,518.42
17447,40,2,541.53
12615,2,4,2291.19
17427,71,1,100.80
12957,9,8,4017.54
15172,8,5,1624.05
13662,85,3,881.26
14595,19,6,1740.60
17434,2,7,2373.82
14546,5,5,2573.93
14031,7,19,17286.86
16350,21,4,1116.47
15870,32,1,351.44
12783,2,4,1603.87
14467,17,4,596.26
18259,24,3,2338.60
14714,24,1,160.19
17162,28,10,1715.46
13447,23,3,1129.14
12984,18,1,97.50
17625,18,4,2020.40
17796,40,4,690.00
17026,185,2,154.83
15615,10,23,10399.74
17001,0,11,3989.57
13021,4,9,2616.38
15749,235,3,44534.30
16353,3,23,6675.71
16655,17,6,3789.52
15194,3,15,7616.53
13769,2,10,2796.51
16823,227,1,358.38
14769,2,8,10415.33
16600,4,6,813.52
17212,253,1,226.85
15813,207,2,1303.91
13239,261,1,329.56
14021,155,3,631.90
17660,141,1,178.75
15380,8,5,1690.26
13645,120,1,252.10
12843,65,8,1702.26
17506,75,1,302.20
17353,129,2,1740.00
15239,10,2,780.59
12991,23,2,503.76
17370,72,4,446.18
16031,92,2,547.90
13016,73,3,789.89
15568,2,3,758.29
13340,45,7,10736.48
17917,45,3,335.03
13182,45,1,121.18
12610,22,5,2099.54
14360,31,4,2118.03
15853,51,1,110.80
17387,19,2,746.81
15407,33,4,1046.74
13709,3,13,6307.65
17031,11,2,380.35
15105,18,7,2298.93
17432,18,2,365.76
15432,23,1,171.19
17828,22,4,1820.09
12477,22,6,13219.74
12828,2,6,1018.71
14803,162,3,845.55
17239,312,1,382.50
14224,110,4,1009.73
16427,263,2,241.06
14004,43,7,4582.64
12506,232,1,73.50
13229,225,1,160.95
12417,3,9,3649.10
16618,31,5,2647.59
12749,3,5,4040.88
14628,91,2,671.96
12457,66,7,2363.23
15494,21,2,1280.58
15071,93,2,982.07
15942,133,1,337.44
13984,26,5,920.51
16877,12,6,846.62
17774,96,4,1213.73
12640,23,3,1174.58
15036,72,3,429.56
18204,71,3,1975.35
14655,8,4,1932.23
13813,39,4,1366.86
14306,51,2,2093.32
14071,3,8,1422.75
13467,10,2,1071.91
17076,36,3,841.08
17608,33,2,191.99
15427,33,3,1430.54
12660,11,1,245.10
17081,25,2,288.91
16754,372,1,2002.40
12427,21,3,825.80
18071,257,2,453.00
15224,358,2,322.08
16665,362,1,135.40
17259,148,2,581.23
15192,119,3,1044.32
18078,217,2,336.13
15031,4,4,653.19
17991,225,2,93.35
12910,23,8,3075.04
14816,197,1,271.85
13655,114,2,932.97
13917,49,2,272.04
17472,191,3,697.54
15585,176,1,455.30
17234,182,1,149.89
15041,170,1,179.93
18165,177,1,302.46
14152,75,2,621.29
13828,22,1,209.49
12452,16,2,430.57
17595,12,2,386.69
13991,12,6,851.88
14204,2,1,150.61
18011,373,1,102.79
14625,196,2,899.63
17655,10,7,2638.94
15437,262,1,200.16
17749,178,2,674.52
14984,19,2,202.37
15806,46,3,784.58
17298,101,2,498.42
16808,99,2,288.42
12635,89,2,1689.18
13259,61,1,283.18
13558,5,4,594.52
17041,26,3,1071.49
14412,42,2,770.03
13816,23,2,571.67
13318,1,3,640.76
13427,19,3,582.60
15605,36,5,1198.23
14447,18,5,1163.23
17843,303,1,197.73
12447,243,1,476.49
14682,187,2,52.00
16447,135,1,255.91
15766,64,1,315.06
16400,94,1,303.93
15462,94,3,234.60
16776,60,1,371.54
16229,87,2,1010.60
16412,53,1,135.99
14474,46,1,547.66
13680,1,4,3719.12
13615,318,1,417.69
12402,323,1,225.60
14457,310,1,113.64
14036,284,1,626.65
15244,65,2,631.57
13863,247,1,305.78
15917,247,1,123.10
15541,114,1,85.13
17640,86,1,621.66
15313,110,1,52.00
13635,67,1,1071.03
14427,50,2,363.34
15360,39,1,427.93
16056,45,1,650.75
15630,45,2,1186.35
13868,7,2,3192.54
17964,31,2,463.21
15279,354,1,290.51
14041,266,1,141.41
13046,30,2,629.31
14818,73,3,657.80
16006,211,1,101.40
17051,194,1,240.89
17620,59,1,81.44
16380,61,1,1743.15
14675,16,1,596.36
14863,29,1,266.76
14578,3,1,168.63
14442,204,2,1589.82
15333,208,1,1028.56
17615,130,3,329.60
14338,161,2,588.22
12353,204,1,89.00
13390,74,1,544.08
16239,56,2,414.20
12588,39,1,214.90
15447,330,1,155.17
14729,373,1,313.49
16788,123,2,592.74
16142,249,1,535.34
13501,288,1,1340.32
12521,142,1,599.68
17957,66,1,110.72
17942,7,1,77.50
15843,303,1,118.95
16457,218,1,208.36
14199,218,1,185.40
13132,261,1,77.30
16620,3,2,178.96
14353,215,1,90.60
13803,255,1,277.07
12729,113,1,453.01
15598,53,1,240.68
16826,51,1,341.70
14219,4,1,89.94
16078,283,1,79.20
15709,283,1,133.25
13422,64,1,2626.30
16432,64,1,287.40
15645,18,1,611.59
16565,364,1,173.70
15570,7,12,4148.82
12748,0,206,31654.78
17381,8,29,20275.61
17227,18,6,939.32
12347,2,7,4310.00
16293,21,10,2248.99
13267,2,19,4521.49
15628,4,9,2870.24
14796,1,17,7973.93
17194,360,1,226.78
18044,4,10,2088.60
16191,2,13,5180.52
17158,32,3,1266.97
17372,40,8,1337.18
13758,11,7,3190.55
16735,78,5,2247.41
15460,354,1,214.26
13029,30,3,1247.50
17211,26,8,2317.22
13487,57,3,575.40
16701,8,13,5398.30
14185,331,1,197.65
16019,46,9,3786.24
12653,148,2,2209.85
12372,71,3,1298.04
16497,49,6,2965.69
18231,192,5,2071.77
15910,0,8,1228.88
17449,2,7,2516.21
16225,44,5,1096.32
14976,57,7,789.86
14064,29,5,1334.34
14099,16,11,3104.17
15373,8,12,2415.91
14389,65,2,1043.46
12517,28,5,2481.60
12816,95,2,572.20
13826,176,1,189.50
12621,1,20,13689.67
17090,4,7,1974.65
15903,9,7,5126.76
15400,92,5,716.20
16446,0,2,168472.50
13258,11,3,672.83
12993,23,4,414.76
15044,19,17,7634.73
17159,21,3,1538.88
12976,211,1,738.60
14013,110,3,473.02
13930,57,2,337.34
12415,24,21,124914.53
15237,1,4,1412.32
14217,1,17,2004.98
13590,11,6,1981.92
17440,156,3,186.42
16393,2,13,3040.96
15144,8,17,6580.44
13741,71,3,668.43
13658,9,5,2639.17
13097,32,10,6003.22
14321,10,5,1530.75
17788,73,2,1117.90
13845,64,1,312.98
12628,4,3,786.46
16318,35,1,328.15
17857,4,22,25301.54
14387,32,3,1727.60
16361,9,4,891.21
18043,24,3,529.29
14788,7,2,679.44
15298,2,12,4799.90
16386,28,2,302.57
14507,23,6,1367.88
13673,18,2,387.44
15527,18,8,2428.53
17059,29,5,3080.39
16327,14,6,3789.67
13862,18,8,2209.36
15971,17,12,4199.85
17925,372,1,244.08
17134,106,2,413.20
13708,271,1,283.33
16871,22,6,2812.34
17091,2,9,3827.76
16837,31,11,3170.98
15119,245,1,266.40
16325,46,3,594.24
15815,63,5,2100.60
12399,119,4,1108.65
17560,94,4,854.95
13743,2,7,1341.60
13486,78,3,1122.41
15051,23,3,1383.36
18272,2,6,3078.58
13420,149,2,159.85
12782,4,5,2330.92
17653,36,4,1207.56
12381,4,5,1845.31
15033,4,10,2553.88
16480,75,1,769.29
16828,93,2,128.50
16139,18,3,635.41
12560,5,3,2134.01
13247,17,4,501.12
12535,91,2,716.35
12449,22,4,4067.29
17024,45,3,95.85
16242,8,7,3579.86
16070,22,2,852.15
17549,23,2,148.86
12882,9,2,1463.04
14815,36,2,778.50
15187,1,16,4777.18
18179,9,6,1793.17
12689,25,2,1247.61
13435,5,7,3809.89
17481,3,4,1255.59
15681,25,5,1426.16
17466,10,2,763.28
16956,17,1,308.74
16352,17,2,494.44
18059,23,3,306.46
14049,16,4,5578.72
13963,308,4,664.54
14540,9,3,952.66
14778,127,2,730.86
12857,210,2,1106.40
12688,113,1,4873.81
14346,120,2,1021.58
16174,126,3,1009.55
18282,7,2,178.05
14965,96,2,596.09
13956,5,5,1019.27
13419,63,1,221.06
17950,72,3,482.20
13061,72,1,248.61
14897,7,4,1366.38
13877,86,1,117.24
15272,57,2,721.94
16071,44,1,326.24
14550,10,2,757.37
16971,38,1,357.21
13623,30,5,727.74
12893,30,1,176.55
15392,4,4,1535.53
12721,31,6,2656.13
12638,33,1,671.69
14174,33,1,134.46
12603,21,1,739.20
18061,21,10,2119.41
13232,12,7,1327.75
15951,8,2,708.22
15101,8,2,317.53
16207,25,1,394.38
13011,372,1,50.55
12738,372,1,155.35
16905,5,7,3037.60
17585,109,4,1116.68
14440,8,5,2357.68
17430,32,2,265.76
15204,357,1,316.58
12875,143,2,343.23
13299,268,1,142.50
17738,19,4,1879.05
17856,1,4,1418.03
17789,281,1,225.90
16257,176,1,21.95
14643,170,2,693.81
15976,165,2,427.64
16461,177,1,142.92
16768,47,3,478.09
17685,16,7,3155.83
12950,2,3,1843.00
16930,26,3,378.89
12925,4,2,694.05
16835,128,2,180.85
15808,306,4,3651.27
14439,319,1,2661.24
14006,115,3,962.19
15648,204,2,639.50
13675,151,2,486.82
16232,43,4,990.88
16633,17,6,2883.10
18232,81,4,592.97
17891,162,1,203.86
18222,92,1,443.00
14124,84,1,419.58
15341,80,1,2020.52
12620,14,3,1339.41
15050,25,3,1737.69
12842,70,2,1118.99
15466,85,1,334.53
16189,15,2,215.48
15883,2,2,396.48
16164,17,3,822.48
13460,29,2,183.44
18154,3,2,399.19
17806,11,1,546.04
12757,15,9,4232.75
14081,302,2,921.62
17362,239,2,312.23
15366,75,2,602.51
17678,263,1,298.11
18129,243,1,112.55
13811,183,2,591.75
13555,73,4,4098.88
17984,145,1,152.68
16157,15,3,656.69
14856,36,3,1290.53
17534,53,1,223.36
15222,318,1,585.00
14242,234,2,280.55
12585,234,2,2040.10
17262,52,5,1253.36
15118,134,1,244.80
15866,101,1,211.89
13079,4,5,220.10
17252,116,2,348.91
12534,130,1,1089.18
17415,79,1,507.84
17279,57,1,187.83
13607,40,1,675.51
16836,39,2,251.87
16658,368,1,123.24
15332,366,4,1661.06
15545,54,2,288.97
16003,29,5,2735.37
15212,241,1,101.80
14600,305,1,393.33
13809,305,1,155.05
16292,121,1,302.25
15205,85,2,653.24
14184,66,1,452.89
15748,40,1,144.36
14618,9,3,553.44
14149,220,1,446.62
14117,143,1,90.00
17347,86,1,228.96
13352,60,1,347.98
15154,75,1,254.28
16648,42,1,290.66
13165,46,2,1021.48
16903,29,1,363.20
18164,37,1,399.65
17313,31,1,2328.84
15069,179,1,1109.53
16529,190,1,455.25
13598,47,1,160.04
14882,26,2,589.70
15783,10,1,246.30
17976,372,1,321.79
15970,303,1,314.10
12789,65,1,91.85
16803,65,1,332.30
17628,81,1,75.75
14950,19,1,371.20
16597,4,1,90.04
17517,308,1,153.94
13044,291,1,560.47
16769,260,1,361.54
16114,170,1,135.75
14795,166,1,131.45
16429,106,1,284.55
15663,106,1,138.14
17951,39,3,1008.54
13767,2,37,17220.36
13155,33,4,971.76
15696,33,8,2711.11
14532,236,4,932.85
13012,9,8,1646.84
15290,4,18,7943.22
16726,26,5,1358.74
15518,64,8,1921.55
13606,29,3,276.75
15841,72,4,1224.06
13888,119,2,595.67
12747,2,11,4196.01
18069,26,5,2009.24
14211,53,9,2241.10
18102,0,60,259657.30
16250,261,2,389.44
14075,4,3,942.26
13512,260,1,251.21
13835,25,4,834.57
17398,114,3,653.38
14404,33,6,1449.32
16794,1,10,1196.50
17696,38,8,2285.71
14498,42,5,1957.32
15706,63,4,1060.56
14132,2,11,3586.03
17736,9,3,377.44
15417,85,1,508.80
16573,84,2,663.61
17949,1,44,58030.48
17220,24,14,3187.55
17092,50,4,1774.03
18205,36,2,517.36
14908,74,1,277.80
15492,28,2,659.46
18257,39,8,2337.63
14653,1,7,1916.70
18017,81,3,523.00
13546,12,3,621.09
17679,52,2,1992.11
12492,63,2,263.21
15220,51,6,1778.96
12596,51,2,618.27
12679,58,4,1113.02
16523,1,21,9418.47
12919,8,6,1335.19
12518,0,5,2056.89
17754,0,5,1664.65
13565,19,2,240.22
17636,19,1,285.56
17611,7,15,3961.12
16029,38,63,80850.84
14209,10,6,2073.43
13784,9,11,2462.79
16716,266,2,901.20
15535,173,4,502.90
13418,11,18,6127.43
12407,49,5,1708.12
16096,264,1,320.62
14056,1,23,8152.71
14957,253,1,58.49
18230,9,7,2810.20
13137,10,8,3603.29
12951,8,6,1064.07
16097,240,1,185.05
13122,94,2,922.39
17746,240,1,110.25
16623,245,1,129.45
14243,8,10,2588.77
13962,21,2,169.55
15367,57,4,1877.59
13037,138,3,881.07
17507,261,2,605.58
13699,155,1,308.58
14397,2,19,2612.96
16149,4,2,280.52
17160,31,6,3518.03
15059,40,9,1337.72
15800,107,2,696.89
13384,30,7,4151.93
16419,112,6,958.71
15603,78,1,48.48
16122,73,4,684.42
14533,24,7,1949.72
12968,112,1,135.95
18170,33,3,980.31
13563,84,2,777.53
17686,7,7,5739.46
16190,40,1,215.08
15977,17,2,1054.73
14345,38,1,108.98
13726,38,2,1079.66
15330,32,2,714.96
17934,51,2,704.25
18019,51,1,38.45
14107,51,7,2703.23
15571,11,4,650.43
12475,53,1,723.38
17883,3,4,664.34
15721,11,1,471.40
13350,16,2,879.12
15398,16,2,1345.53
13310,28,3,1132.03
16929,3,7,1295.39
17330,22,2,363.90
12528,9,6,1933.48
13002,318,1,120.95
13581,309,1,118.00
16997,288,3,702.00
13488,17,13,8968.31
17874,185,6,683.46
14022,225,1,440.00
17049,2,9,5655.03
15596,100,5,1406.59
13971,18,8,2758.26
12815,147,2,1063.46
14311,242,1,310.26
18008,70,9,2116.19
13538,43,7,1280.85
17373,40,4,646.92
14143,133,1,115.80
16147,133,1,375.00
13513,126,1,205.10
17320,100,3,1200.62
13631,99,11,3070.42
12851,96,1,131.81
13240,96,4,648.70
15299,67,6,3907.01
16455,63,7,1841.18
17475,79,1,194.37
15399,1,3,815.77
18180,4,6,1843.75
17388,77,4,1259.56
14754,44,2,638.05
16914,36,1,183.76
15809,36,5,515.77
14039,33,1,152.20
15621,4,4,1293.03
16784,19,1,107.60
14804,8,1,353.27
14576,372,1,35.40
14236,80,2,490.86
15358,4,22,8347.20
14413,362,1,121.05
16795,365,1,414.88
14150,35,2,658.64
12373,311,1,364.60
14472,103,8,1852.67
18189,77,2,1090.24
16217,235,2,304.25
14304,222,1,383.45
12987,73,2,558.70
14210,105,6,1905.84
12493,165,2,397.74
13062,191,1,346.98
13223,200,2,163.20
13988,19,6,4147.96
12840,143,4,2726.77
16861,59,2,173.76
15834,70,4,2222.65
12424,162,2,1760.96
15076,172,1,880.85
12883,24,4,703.47
14566,110,1,1432.00
18122,8,6,1791.84
17779,21,3,650.32
15467,9,3,524.88
15195,2,1,3861.00
16368,2,2,479.91
14175,59,3,3222.30
17643,373,1,101.55
14142,373,1,311.81
14565,95,4,2949.12
17303,361,1,250.04
17371,17,3,418.40
16727,364,1,256.32
15230,239,2,429.60
14465,246,3,1038.44
17338,17,8,6484.75
17337,151,4,1979.61
15646,157,3,447.64
15653,92,2,877.44
16215,80,1,242.35
14508,22,2,268.05
16820,95,1,497.61
16641,105,1,231.10
14626,23,4,2791.27
17764,50,2,772.55
16404,70,1,443.05
16591,68,1,213.50
15774,68,1,270.80
16079,16,3,1352.00
13894,23,3,564.62
14379,44,2,348.10
17237,11,2,314.69
16200,4,2,1068.87
17593,3,5,3923.86
14277,15,3,4188.00
15009,12,3,1259.43
18112,12,2,352.69
17711,10,2,385.10
15789,358,1,351.30
12561,302,1,238.85
16378,247,3,362.95
17142,239,1,579.00
18169,60,1,202.65
16982,60,1,384.06
14753,87,1,563.15
16793,57,1,243.84
16759,7,3,789.79
15503,362,1,141.04
15180,367,1,87.50
14821,366,1,48.80
17048,117,3,925.35
17908,373,1,232.03
13716,269,1,138.28
12908,176,2,750.00
15756,61,4,528.01
15280,172,1,113.12
16616,15,2,500.42
13954,1,2,439.92
13801,66,1,324.80
16555,35,2,285.89
15163,18,2,304.47
15894,253,2,257.60
16387,322,1,94.36
14889,336,1,135.90
15485,30,3,2564.50
15145,4,4,1194.73
17492,248,1,374.57
16283,5,5,1569.11
13055,78,3,1214.41
15263,106,1,156.51
13325,81,1,675.30
12944,35,2,604.51
14082,364,1,182.25
17525,359,1,422.70
16351,332,1,153.90
14840,267,1,62.85
13216,267,1,333.74
15433,213,2,533.30
14633,266,1,344.90
14855,119,2,645.65
12398,45,1,1635.66
12611,52,1,1193.32
14923,50,1,749.10
15435,22,1,149.29
15773,5,1,635.68
12764,316,1,1693.88
15256,148,1,98.45
12814,101,1,125.92
18001,12,2,415.13
12425,78,1,777.20
15553,60,1,428.93
15127,65,1,406.53
13284,330,1,201.19
18190,192,2,284.46
15424,254,2,383.34
15528,254,1,229.33
12357,33,1,6207.67
14601,10,1,213.96
17117,288,1,116.20
18087,290,1,3202.92
16319,217,1,404.40
16659,189,1,39.12
15909,173,1,191.94
17169,57,2,835.78
13189,18,2,260.68
17747,112,1,71.40
14585,50,1,157.05
14789,28,1,197.64
12586,17,1,196.94
18024,152,2,389.78
13434,74,2,534.24
14301,117,1,640.14
17702,30,4,1824.37
14930,108,3,2362.96
16093,106,1,17.00
17459,43,2,657.30
13103,39,1,243.94
16732,31,1,603.75
14113,3,4,1840.42
17999,37,2,380.39
13838,5,4,674.82
14890,253,1,125.65
13043,273,1,516.42
15925,194,1,207.15
15073,9,3,1043.41
14885,131,1,765.32
12697,28,3,957.59
15254,127,1,300.36
18088,61,1,166.03
15440,54,3,383.68
16528,3,1,244.41
12442,3,1,172.06
14670,280,2,392.86
16073,297,1,122.40
13600,312,1,219.52
16392,269,1,217.89
15402,148,2,626.35
13375,88,1,778.65
14284,30,2,595.25
13858,57,1,216.17
15576,37,1,921.37
17697,236,1,338.95
16120,59,4,1309.14
15657,22,1,30.00
12920,17,1,162.78
13271,37,1,211.49
17727,15,1,1060.25
14756,15,1,738.96
18058,9,1,170.16
15236,298,1,321.05
14697,218,2,188.61
17187,226,1,203.95
17244,53,1,954.90
16256,266,1,752.43
14348,260,1,409.57
12355,214,1,459.40
14241,183,1,213.70
14484,50,1,321.92
13464,58,1,674.68
14098,36,1,147.35
17791,29,1,106.10
13831,16,6,2198.45
14606,1,91,12046.15
17231,12,10,3124.72
15456,283,3,434.59
17496,358,1,271.05
14841,53,6,3295.76
15607,336,1,104.76
14298,8,44,51527.30
17707,185,2,152.40
17954,5,12,2314.13
16746,4,18,6680.11
13108,372,1,350.06
15658,190,5,1024.10
13305,4,10,2000.86
14060,4,19,6140.42
14232,42,5,2048.07
14962,270,1,126.70
16365,17,9,1540.42
17596,23,7,2806.69
18040,19,2,357.20
14264,154,2,333.97
17955,198,4,557.30
12836,59,4,2610.36
12955,1,11,4757.16
14553,19,5,859.27
12539,22,4,5568.35
16721,262,1,292.47
12811,260,3,514.85
17069,28,9,2709.70
16168,10,27,3787.60
16816,103,4,417.06
16899,7,6,1271.06
17861,3,8,2097.88
12700,7,4,4939.99
17428,0,28,17256.85
13975,31,6,2461.24
15023,3,11,6701.51
14257,64,5,3099.72
15216,87,1,96.60
17097,2,8,954.42
16170,50,6,1885.05
12360,52,3,2662.06
12513,112,1,612.29
15862,8,4,832.88
15533,19,3,807.57
14164,70,2,1631.77
17503,2,2,558.96
14419,10,6,1051.79
14929,32,1,223.88
16440,7,5,3640.67
13892,26,4,632.97
13023,64,2,689.90
16841,36,6,1869.82
15012,53,2,405.04
17528,1,8,3628.50
16814,14,21,6406.80
14470,11,2,461.19
17410,16,5,1214.72
16748,17,5,1515.90
14673,3,5,1736.40
13049,64,2,656.68
15388,270,1,140.54
17673,1,6,1594.97
12428,25,8,7405.26
17929,11,4,843.00
14513,100,3,455.59
17460,94,6,622.43
17886,31,3,869.28
14009,198,2,695.61
12701,79,2,797.71
13654,43,6,2707.33
13117,21,8,984.91
13720,116,4,799.90
15089,10,6,2420.84
13210,93,1,353.48
14315,44,6,2481.13
17800,37,9,1186.21
13754,151,2,282.60
16305,138,1,361.22
12879,44,3,573.22
14282,3,15,3701.44
13806,63,1,256.38
14096,4,17,53258.43
13924,1,6,1838.85
12598,9,8,3023.08
15949,16,2,364.72
13518,85,1,627.16
13127,77,1,259.17
17564,24,3,454.01
15320,44,1,267.13
16884,37,2,429.84
14691,30,5,2114.33
18123,24,2,574.44
16372,33,2,355.73
13040,8,2,676.99
17768,8,3,2081.90
18210,1,6,2621.38
13899,16,2,388.52
18117,25,1,314.40
15694,0,14,6479.40
14418,3,3,1937.25
12683,4,15,8476.57
15811,22,6,2218.62
15048,65,4,381.00
12872,326,2,599.97
15939,89,14,6100.01
14587,18,9,1580.29
15030,71,2,518.28
15643,191,3,664.00
17029,110,2,716.00
16644,177,2,833.78
12643,128,6,3344.64
16247,170,1,114.56
13593,108,5,2011.88
13450,26,6,2043.72
14944,29,12,5900.25
17700,16,4,2534.64
15513,33,19,14758.22
16340,107,1,534.31
17869,107,5,428.18
15701,2,4,1529.00
15267,22,5,1717.36
13960,21,2,230.22
18217,29,2,621.75
15184,29,2,402.20
14623,32,5,882.02
14741,11,6,1400.34
16493,79,4,1351.63
15626,74,2,675.80
17732,372,1,303.97
16143,3,6,2424.94
17054,28,5,1356.33
15370,40,7,2386.05
13856,168,3,388.50
13533,182,3,269.09
14450,180,3,483.25
14351,164,1,51.00
15488,92,1,91.32
13330,92,3,1140.93
14842,43,4,2824.69
15821,44,2,570.96
14638,50,1,443.60
14681,71,3,498.95
16102,42,3,1842.14
13652,45,3,1095.08
16533,19,3,1082.81
15097,4,1,248.08
15157,3,3,1936.07
15539,7,1,538.46
15889,156,2,400.77
13874,358,1,540.45
17392,306,2,411.27
16425,302,1,302.70
13262,263,1,200.29
16882,66,3,705.12
13227,201,1,257.70
15116,17,4,1352.75
16866,140,3,207.74
14128,60,2,637.50
16959,87,1,117.35
18251,87,1,4314.72
15252,36,2,740.78
13721,36,1,524.14
15335,53,1,170.22
12430,43,1,256.40
15123,7,2,2199.31
12498,21,3,403.70
17904,21,1,181.07
18074,373,1,489.60
16612,32,4,1187.66
12929,311,1,117.85
18183,227,2,632.07
13627,59,5,1638.47
15014,43,2,257.67
17190,58,2,444.74
12904,18,2,496.06
14332,22,3,840.21
18142,157,2,1019.52
17242,108,2,1135.04
17513,72,1,513.20
16909,72,1,379.14
17002,85,3,1493.73
14894,85,1,655.75
14538,64,2,388.25
15524,24,1,440.00
13278,40,1,542.73
15395,325,1,107.45
13008,323,1,229.47
12573,227,1,160.54
14851,23,2,511.35
15445,264,1,113.50
13841,252,1,85.00
14265,109,2,530.18
15506,22,3,972.08
14171,98,1,363.79
16272,116,1,411.70
17070,114,1,304.24
16236,78,1,432.20
14196,106,1,335.52
16049,40,3,1074.81
16627,79,1,322.80
18242,72,4,2232.49
12446,57,1,1002.31
17836,47,1,109.83
15592,46,1,388.58
15277,46,1,255.90
15667,39,1,301.32
13295,359,1,201.20
12736,332,1,234.00
16034,196,3,437.70
17972,241,1,135.19
16526,171,1,290.36
16483,192,1,139.35
13398,192,1,457.34
17122,119,1,138.32
15438,131,1,156.58
13355,122,1,674.70
17267,127,2,317.20
18278,73,1,173.90
14861,52,1,125.79
14801,61,1,189.34
12940,54,2,899.69
16934,54,2,931.03
16653,16,2,1212.66
12445,22,1,133.40
17163,21,2,293.10
17325,280,1,96.80
17664,18,2,604.64
12633,58,4,2163.98
13686,182,1,72.00
16211,88,1,547.02
17919,88,1,1304.04
16680,43,1,183.70
13176,46,1,481.49
17614,57,1,386.32
16415,44,1,200.27
13992,30,1,76.80
16315,330,1,226.37
14586,276,1,237.36
18108,254,1,271.00
14350,274,1,282.93
13059,249,1,183.40
16117,189,1,232.21
13466,184,1,307.90
15345,45,1,393.54
18022,35,1,612.72
13142,19,1,307.09
12564,261,1,456.90
12607,60,1,1579.51
17222,65,1,328.65
15148,10,1,301.29
14368,319,1,155.00
13584,306,1,142.40
14247,278,1,136.77
18227,217,1,93.75
14647,201,1,236.04
12821,214,1,92.72
13618,173,1,177.34
16050,173,1,137.90
12378,129,1,4008.62
14518,64,1,174.37
18277,58,1,110.38
14300,18,1,43.20
15769,7,26,56252.72
14784,26,2,289.99
17418,42,2,463.46
17980,165,3,811.45
17912,310,5,310.06
17189,106,2,383.75
15482,15,11,10839.76
16670,16,11,4095.90
15940,311,1,35.80
12947,143,6,1603.99
16551,95,3,922.12
15601,11,14,6776.56
16638,22,10,1680.72
13015,53,5,3339.64
14834,17,6,1720.30
16348,32,7,1413.31
12709,15,15,9706.52
12393,72,4,1582.60
14258,9,9,12669.98
13576,10,18,6717.34
17384,19,2,336.40
17061,73,11,5232.23
14867,185,3,710.28
17733,38,2,692.19
18075,23,10,2611.75
18236,29,6,882.24
13456,17,6,1766.72
15752,39,7,2626.60
13263,1,34,7411.71
15106,17,5,1422.52
16774,67,4,661.52
17962,142,1,102.41
18235,71,3,1796.48
18081,36,3,343.45
14511,11,5,1314.81
12981,29,2,372.22
12471,2,29,19758.65
14035,28,5,1428.02
12388,15,6,2780.66
16169,8,4,1822.97
16689,75,2,422.60
17809,16,12,5411.91
17887,129,1,111.35
16330,17,3,251.91
13814,92,2,1579.12
16992,10,5,1614.31
16713,18,15,6910.78
13950,11,4,745.06
15669,40,4,684.34
13685,2,7,3119.44
16960,38,3,505.10
16570,15,10,3738.40
14426,23,10,4481.67
13066,24,2,470.80
16466,33,7,1595.96
16434,29,7,1511.80
15514,12,11,4023.72
16987,3,7,1616.80
14443,53,4,1420.20
17571,50,4,1424.42
16313,3,2,274.15
14494,25,1,139.56
14902,25,1,332.66
17658,25,2,595.42
12913,4,5,2483.63
15632,15,8,3285.31
14987,15,2,326.40
16128,17,5,1880.22
13168,36,4,1299.59
13491,51,10,1215.82
17027,78,6,877.56
17504,206,9,2997.03
12437,1,18,4951.41
12565,288,1,145.92
14001,45,3,2043.08
14188,30,6,2054.36
13592,35,4,247.96
14273,51,4,559.97
15414,9,3,774.90
12769,238,1,1143.60
14408,10,7,2599.03
17572,71,4,226.75
15804,0,13,4206.39
12461,94,2,826.88
18268,134,1,25.50
15582,24,3,682.91
17758,19,8,3408.20
13678,151,1,232.60
14852,58,6,2836.69
17894,71,8,1118.54
13431,67,2,1269.10
12497,81,1,1043.10
13524,40,5,680.18
14290,11,5,2314.65
14732,8,8,2702.49
16451,87,1,266.97
16101,70,1,1290.70
12726,28,7,2609.10
13134,85,4,1793.58
14215,11,6,1789.72
13644,16,4,2624.26
14383,38,3,1247.69
17403,36,1,263.92
16602,36,1,528.08
13882,2,5,1191.13
18168,176,6,1160.04
15464,338,1,1044.65
17913,58,2,408.65
17819,71,7,3704.87
13611,89,3,1154.40
15353,254,2,770.12
17368,23,8,1878.87
16383,74,2,643.76
13476,178,2,1238.47
13220,78,4,819.29
13474,236,1,226.84
14800,47,12,4331.79
17827,5,5,1987.33
13610,12,7,1082.33
14377,191,2,617.05
14222,177,1,683.17
17690,30,15,4726.80
17554,1,5,1952.45
12837,173,1,134.10
12624,106,2,641.13
15625,103,4,1534.26
13236,24,2,744.85
14205,16,2,466.70
14664,19,2,636.24
16892,1,5,518.19
15872,14,2,316.25
13525,14,2,628.78
14544,24,2,2004.30
17590,2,3,1466.77
13764,70,3,1516.42
18055,7,10,6761.34
14639,52,6,2984.49
14256,260,2,969.06
15820,319,1,206.98
17180,56,4,783.97
13544,39,2,276.06
13712,246,1,228.84
15990,44,2,792.11
16135,262,1,517.55
14766,8,6,2473.37
12556,50,2,599.56
13338,157,1,437.02
16824,15,2,460.64
16806,103,4,736.21
17759,17,3,818.71
17930,35,5,1740.48
15829,99,2,636.14
14970,68,4,1592.06
17350,8,4,1281.32
14799,51,1,157.70
14631,50,3,1006.98
16007,47,4,1693.81
15038,58,6,685.74
15421,58,4,950.36
16008,23,3,478.78
16126,29,4,6287.77
15659,43,1,306.45
13363,17,2,892.50
15992,3,1,41.99
13780,7,2,360.01
17223,310,2,381.89
16738,297,1,3.75
14632,262,1,114.56
14195,201,2,1012.00
14154,239,2,1345.62
13867,31,3,1005.09
16398,154,2,1705.80
13313,22,5,1555.32
12794,53,2,860.41
16706,37,3,531.35
13356,80,1,768.24
13032,52,2,1010.18
12403,49,1,427.70
15497,17,2,1262.20
14129,1,5,1123.86
17155,17,2,251.70
15471,2,1,454.48
15081,22,5,504.80
12386,337,2,401.90
16517,277,1,162.70
14817,200,2,1010.34
14477,19,4,1309.60
13253,156,2,1030.40
15175,71,1,224.14
15565,50,2,173.16
16160,65,2,1025.44
14054,65,1,92.46
15837,64,1,391.98
18209,28,1,139.10
13551,319,1,91.80
17862,323,1,330.90
15174,322,1,135.75
17095,22,3,1324.16
17436,1,2,216.30
18149,50,3,612.08
13933,109,2,608.79
17844,106,1,51.56
13517,59,3,2128.42
16491,46,1,731.50
15847,38,2,389.27
16679,366,1,129.75
13270,366,1,590.00
15346,332,1,252.42
14476,257,1,193.00
13185,267,1,71.40
17060,266,1,234.24
14155,266,1,118.75
18185,249,1,304.25
12930,78,2,415.80
14988,211,1,334.54
12590,211,2,9864.26
13388,131,2,677.10
14027,60,1,104.82
13245,50,1,430.50
12454,56,1,3528.34
15115,18,1,340.11
14581,16,1,138.60
12966,9,1,160.18
17282,130,3,1685.46
17639,276,1,108.50
12591,317,1,452.85
15047,269,1,343.62
17080,22,2,287.62
16849,186,1,124.57
17987,185,1,198.57
14451,60,2,643.90
12522,39,2,192.72
17461,22,3,735.82
16893,366,1,145.93
16917,276,1,391.52
15897,194,2,208.59
16611,186,1,129.49
15149,133,1,520.80
17248,120,1,318.65
13967,145,1,80.70
18216,31,1,481.75
16423,24,1,346.12
17631,1,3,528.33
13832,19,1,52.20
17383,4,1,193.39
13799,116,2,688.86
18048,203,2,172.29
15225,234,1,409.40
17486,261,1,396.87
16961,116,1,234.17
15243,74,1,316.68
16441,67,2,381.20
16789,8,1,80.80
14699,214,1,109.13
14920,212,2,977.77
16967,189,1,319.02
17877,170,1,237.61
18200,106,1,150.35
12641,115,1,185.90
13075,129,1,919.61
17148,51,1,124.88
14537,57,1,355.56
12658,18,1,686.05
12659,29,1,91.68
